"","Artist","not","Fri_Sat","ratio"
"1","Earth, Wind & Fire",244734,436365.5,1.78301952323747
"2","Swae Lee",190775,308619.5,1.6177145852444
"3","Gunna",298776,473934.5,1.58625358127828
"4","Paul Rosenberg",261216,404280.5,1.54768658887664
"5","Bas",275153,417449.5,1.51715409245038
"6","Carly Rae Jepsen",174945,263427,1.50577038497814
"7","ODESZA",171197,256818.5,1.50013434814862
"8","X Ambassadors",146715,217662,1.48357018709743
"9","Thirty Seconds To Mars",181875.5,264224,1.4527740129924
"10","Arctic Monkeys",200345,290320.5,1.44910279767401
"11","Pusha T",252320,364698,1.44537888395688
"12","Mozzy",244203,345515.5,1.41487000569199
"13","The 1975",216487,304414,1.40615371823712
"14","London On Da Track",182509,256550.5,1.40568684284063
"15","H.E.R.",233294,327765,1.40494397627029
"16","Kris Wu",176048.5,247333.5,1.40491682689713
"17","Coldplay",162610,228307,1.40401574318923
"18","Linkin Park",184036,257066.5,1.39682725118998
"19","Harry Styles",239277,330431.5,1.38095805280073
"20","Gorillaz",196806,268184.5,1.36268457262482
"21","Nas",313970.5,426965,1.35988890676035
"22","HAIM",197814,266945,1.34947475911715
"23","Dierks Bentley",168307,224244,1.33235100144379
"24","Rich Brian",192820,256898,1.3323202987242
"25","BROCKHAMPTON",220716,290226,1.31492959277986
"26","DNCE",150209,194710,1.29626054364252
"27","Chantel Jeffries",213106,276141,1.29579176560022
"28","Logic",305436,388550,1.27211592608599
"29","Florida Georgia Line",186269,236887,1.27174677482566
"30","T.I.",197947,250149,1.26371705557548
"31","James Blake",280882,352716,1.25574440512386
"32","KIDS SEE GHOSTS",325717,407919,1.25237245829969
"33","JENNIE",212491,265917,1.25142711926623
"34","A$AP Rocky",279405,345196,1.2354682271255
"35","Tyler, The Creator",205775,253805.5,1.23341270805491
"36","Huncho Jack",236632.5,290771,1.22878725449801
"37","Normani",233499.5,286902,1.22870498652031
"38","Lana Del Rey",208675,256188,1.22768899005631
"39","Gesaffelstein",525187,641623,1.2217038883293
"40","Belly",205166,250402,1.22048487566166
"41","Diplo",235055,286870,1.22043776988364
"42","Paramore",206277,250641,1.21507002719644
"43","Stevie Wonder",267794.5,324255,1.21083517398602
"44","Blake Shelton",158382,191450,1.20878635198444
"45","Meek Mill",289384,349712.5,1.20847213391203
"46","Daryl Hall & John Oates",249201,300115,1.20430897147283
"47","Juicy J",212619,254840.5,1.19857820796824
"48","Sam Smith",317185,377788,1.19106515125242
"49","Sugarland",240546,285031,1.18493344308365
"50","Future",270858,320583,1.18358327979975
"51","Chance the Rapper",271650,320229,1.17882937603534
"52","Keala Settle",257273,302535,1.17592984883762
"53","DJ Durel",238688,279815.5,1.17230652567368
"54","88rising",207961.5,243531,1.17103887017549
"55","Lil Yachty",219397,256234,1.1679011107718
"56","Eminem",259847,302890,1.16564747716926
"57","Carrie Underwood",194363,226377.5,1.16471499205096
"58","The xx",153630.5,178909,1.16454089519985
"59","The Ronettes",301629,350418,1.16175168833236
"60","Janelle Monáe",216983,251305,1.15817829046515
"61","Silk City",399670,460873.5,1.15313508644632
"62","Zacari",260328.5,299342,1.14986257747423
"63","WizKid",175666,201671.5,1.14803946125033
"64","Marshmello",352600,404429,1.14699092456041
"65","Gene Autry",242047,276352,1.14172867253054
"66","Judy Garland",246340.5,280205.5,1.13747231981749
"67","Takeoff",289985.5,329648,1.13677408008331
"68","Pharrell Williams",243828,277033,1.13618206276556
"69","Vance Joy",195797.5,222382,1.1357754823223
"70","Peter Manos",224542,254776.5,1.13464964238316
"71","Jay Critch",181850,206304,1.13447346714325
"72","Selena Gomez",337839,383101,1.1339750591258
"73","R. Kelly",165653,187809,1.13374946424152
"74","BTS",254017,287209.5,1.13067038820236
"75","Ed Sheeran",282916,319438,1.12909132039192
"76","Nipsey Hussle",202851,228999,1.12890249493471
"77","Frank Ocean",213707,241212.5,1.12870659360713
"78","Justin Timberlake",212470,239723,1.12826752012049
"79","Mariah Carey",526539.5,592952,1.12613013838468
"80","Joyner Lucas",221180,249074,1.12611447689665
"81","Big Sean",262023,294506,1.12397003316503
"82","Chris Stapleton",189569,213019,1.12370166008155
"83","José Feliciano",300925,338052,1.12337625654233
"84","Joey Bada$$",187403.5,210448,1.12296728716379
"85","Justin Bieber",269591.5,302542,1.12222380898508
"86","Lorde",295050,330842,1.1213082528385
"87","Ab-Soul",296553,332194,1.12018425037009
"88","Dean Martin",259715.5,290470,1.11841611301597
"89","Nick Jonas",186675,208666,1.11780366947904
"90","The Carters",290667,324828,1.11752624136899
"91","The Beach Boys",241153,269253,1.11652353485132
"92","Cardi B",444611,496054,1.11570339015454
"93","Ty Dolla $ign",227436,253702,1.11548743382754
"94","Zay Hilfigerrr",188736.5,210481,1.11521088925566
"95","G Herbo",262458.5,292377,1.1139932598868
"96","Denzel Curry",219919.5,244949,1.11381209942729
"97","Mykola Dmytrovych Leontovych",279528,311156,1.11314787785123
"98","Mason Ramsey",487904.5,542201,1.1112850978009
"99","Rick Ross",173818,192948.5,1.11006052307586
"100","DJ Snake",365010,404555,1.10833949754801
"101","Brett Eldredge",293536,325255,1.10805829608634
"102","Brenda Lee",558449,618761,1.10799911898848
"103","Sheck Wes",990679.5,1097463,1.10778813935284
"104","Major Lazer",286062,316821,1.10752564129454
"105","K/DA",235628,260820,1.10691428862444
"106","Aaron Carter",240723,266320,1.10633383598576
"107","San Holo",246735,272865,1.10590309441303
"108","Chuck Berry",284597,314422,1.10479730988029
"109","Lil Baby",421035,463926,1.10187039082262
"110","Nevada",207161,228210,1.10160696270051
"111","Tyga",511801,562178,1.09843083542236
"112","Alessia Cara",232906,255591,1.09739980936515
"113","NAV",219859.5,241186,1.09700058446417
"114","A$AP Mob",182303,199964.5,1.09687991969414
"115","Yo Gotti",293020.5,321286,1.09646253419129
"116","Britney Spears",262628,287874,1.0961283640739
"117","Migos",300246,329089,1.09606456039381
"118","Martin Garrix",308663,338248,1.09584887077492
"119","A$AP Ferg",339018,371509.5,1.09584004389147
"120","Morgan Wallen",206946,226763,1.0957592801987
"121","King Princess",238185.5,260866,1.09522200133929
"122","Natti Natasha",186704,204319.5,1.094349880024
"123","DVBBS",233024,254945.5,1.09407400096127
"124","David Guetta",282150.5,308692,1.09406859105336
"125","Halsey",440411,481837,1.09406213741255
"126","BlocBoy JB",443223,484801,1.09380830868434
"127","Vince Staples",279801,305828.5,1.09302146882963
"128","City Girls",262000,286002.5,1.09161259541985
"129","Nebu Kiniza",177755,193798,1.09025343872184
"130","Nicki Minaj",282841,308244.5,1.08981547936827
"131","Lil Pump",246504,268246,1.08820140849641
"132","Demi Lovato",335682,365285,1.08818762995931
"133","Dustin Lynch",219333.5,238515,1.08745358096232
"134","Billie Eilish",325025,353346,1.08713483578186
"135","Wham!",463144,503077.5,1.08622264349749
"136","Quality Control",261170,283478,1.0854156296665
"137","Fifth Harmony",205943.5,223497,1.08523454248374
"138","Shawn Mendes",269589.5,292500,1.08498290920084
"139","Lil Wayne",283349,307207.5,1.08420181472319
"140","YBN Cordae",208881,226359,1.08367443664096
"141","Nicky Jam",305841,331393,1.08354667948378
"142","Mac Miller",282045,305578,1.08343704018862
"143","PARTYNEXTDOOR",204562,221453,1.08257154310185
"144","BLACKPINK",225711,244328.5,1.08248379565019
"145","Rob $tone",220616,238590,1.08147187873953
"146","Niall Horan",286079,309356,1.08136563676467
"147","Lil Uzi Vert",265892,287327,1.08061543784695
"148","Andy Williams",480251,518617.5,1.07988843334007
"149","Social House",298607,322048,1.0785011737836
"150","Dua Lipa",373707,402947,1.07824311559591
"151","Kendrick Lamar",354282.5,381975,1.07816502367461
"152","Bruce Springsteen",277905,299623.5,1.07815080693043
"153","J Balvin",332702,358685.5,1.07809841840446
"154","Adele",239567.5,258214,1.07783401337828
"155","Quavo",319283,344091,1.07769909453369
"156","Trippie Redd",258598.5,278430,1.07668837986299
"157","Wisin",186248,200412,1.0760491387827
"158","6ix9ine",323105,347511,1.07553581653023
"159","Auli'i Cravalho",172131,185084,1.07525082640547
"160","Alec Benjamin",331064,355889.5,1.0749870115748
"161","Mumford & Sons",212788,228509,1.07388104592364
"162","Twenty One Pilots",215823.5,231760,1.07384042979564
"163","Toto",217617,233640,1.07362935800052
"164","Juice WRLD",356659,382780,1.07323802287339
"165","Post Malone",412507,442510,1.07273331119229
"166","Katy Perry",288903,309771,1.07223185636702
"167","Vampire Weekend",260054,278822,1.07216962630838
"168","Drake",315704,338463,1.07208967893977
"169","Wale",197072,211194,1.0716590890639
"170","Julia Michaels",251869,269915,1.07164835688394
"171","YoungBoy Never Broke Again",247829,265472.5,1.07119223335445
"172","Pentatonix",239837.5,256800,1.07072497003179
"173","Lil Peep",320904,343259,1.06966257821654
"174","Chris Brown",224361,239977.5,1.06960434300079
"175","Lil Dicky",365886.5,391274,1.0693862714257
"176","Chance The Rapper",221156.5,236497.5,1.06936716759399
"177","Hozier",238214,254610,1.06882886816056
"178","Journey",188816,201684.5,1.06815365223286
"179","Pardison Fontaine",210758,225100,1.06804961140265
"180","The Weeknd",234462,250408,1.06801102097568
"181","DJ Esco",216270,230943.5,1.067848060295
"182","Smokepurpp",217395,232111.5,1.06769474918926
"183","Ski Mask The Slump God",343915,367179.5,1.06764607533838
"184","Desiigner",187851,200556.5,1.06763605197737
"185","Anita Kerr Singers",402889,430044.5,1.06740193949202
"186","Kevin Gates",148127,158103,1.06734761387188
"187","Starley",388566,414733.5,1.06734377171446
"188","Ariana Grande",393909,420230,1.06682000157397
"189","Danny Ocean",161462,172250,1.06681448266465
"190","Travis Scott",341615.5,364300,1.06640360288102
"191","21 Savage",280435,298996.5,1.06618824326493
"192","Lord Huron",196843,209868,1.06616948532587
"193","French Montana",402813.5,429372,1.06593249729714
"194","Tiësto",359181,382717,1.06552685136463
"195","Zedd",312242.5,332684,1.06546674459755
"196","Nio Garcia",336281,358154,1.06504381752166
"197","2 Chainz",244873,260683,1.06456408015584
"198","Hailee Steinfeld",277551.5,295339,1.06408720543755
"199","G-Eazy",310540,330434.5,1.0640642107297
"200","J. Cole",232297,247050,1.06350921449696
"201","MiC LOWRY",166734.5,177293,1.06332522663276
"202","Khalid",331916,352593,1.06229588209065
"203","Imagine Dragons",283476,301079,1.06209696764453
"204","Enrique Iglesias",190569,202211.5,1.06109335726167
"205","Kanye West",306420.5,325114.5,1.06100766756793
"206","Gucci Mane",292368,310038,1.06043753078312
"207","Lil Mosey",349542,370553,1.06011008691373
"208","T-Pain",202387,214450,1.05960363066798
"209","Shoreline Mafia",221733,234930,1.05951752783753
"210","Mike WiLL Made-It",201452.5,213407,1.05934153212296
"211","Bruno Mars",289241,306370,1.05922051161488
"212","DRAM",253415.5,268364.5,1.05899007756037
"213","Mike Posner",171614.5,181734,1.05896646262408
"214","GASHI",219600,232334,1.05798724954463
"215","Young Thug",248855,263253.5,1.05785899419341
"216","John Legend",325017,343819,1.05784928172988
"217","HRVY",199768.5,211266.5,1.05755662178972
"218","Offset",428987.5,453576,1.05731752090679
"219","Childish Gambino",350059,370059,1.05713322611331
"220","Elvis Presley",346554,366253,1.05684251227803
"221","Metro Boomin",367763.5,388417.5,1.05616109265873
"222","YFN Lucci",213737,225705,1.05599404876086
"223","NOTD",248088,261888,1.05562542323692
"224","Calvin Harris",450481,475343,1.05518989702118
"225","The Chainsmokers",272045,286726.5,1.05396717454833
"226","Panic! At The Disco",372171,392143,1.05366350414191
"227","Tee Grizzley",216067,227588,1.05332142344736
"228","Ozuna",218561.5,229913,1.05193732656483
"229","Kodak Black",275852,290167,1.05189376912257
"230","Maluma",219266,230621,1.05178641467441
"231","Zac Efron",245996,258568,1.05110652205727
"232","Vice",213153,224040,1.05107598767083
"233","Rae Sremmurd",291592,306385,1.05073184449505
"234","Anuel Aa",305651,321102,1.05055111875963
"235","XXXTENTACION",385440,404817,1.05027241594022
"236","Jeremih",159343,167299,1.04993002516584
"237","Jon Bellion",334592,351268,1.04983980489671
"238","Carnage",270292.5,283618,1.04930029505073
"239","Tory Lanez",235787,247257.5,1.04864772018814
"240","Mustard",328823,344644,1.04811403095282
"241","Vince Guaraldi Trio",353227,370196,1.0480399289975
"242","A Boogie Wit da Hoodie",352388,369179,1.04764918215149
"243","Daniel Caesar",197740,207138,1.04752705572975
"244","Devin Dawson",205536,215286,1.04743694535264
"245","Thomas Rhett",229679,240517.5,1.04718977355352
"246","Wiz Khalifa",315143,330001.5,1.04714843737605
"247","Lewis Capaldi",244860,256365.5,1.04698807481826
"248","Flipp Dinero",715870,749300,1.04669842289801
"249","Pedro Capó",281285.5,294283,1.04620750091988
"250","R3HAB",197594,206596,1.04555806350395
"251","Kelly Clarkson",336423,351710.5,1.04544130454814
"252","Daddy Yankee",246410,257579,1.04532689420072
"253","Dylan Scott",167540,175096,1.04509967768891
"254","MadeinTYO",189971.5,198526,1.04503043877634
"255","Avicii",276178,288587,1.04493116758033
"256","gnash",192877,201461.5,1.04450763958378
"257","PnB Rock",191825,200347,1.04442590903167
"258","Steve Aoki",304192,317702.5,1.04441438302125
"259","Famous Dex",315316,328424,1.04157099544584
"260","YBN Nahmir",271130,282360,1.04141924538044
"261","Tay-K",245279,255374,1.04115721280664
"262","John Lennon",282302,293771,1.04062670473465
"263","Playboi Carti",295183,307162,1.04058160530925
"264","The Vamps",312738,325307.5,1.04019178993279
"265","Aminé",252108.5,262236,1.04017119613182
"266","Maroon 5",356897,371177.5,1.04001294491128
"267","Liam Payne",267943,278500,1.03940017093188
"268","Lil Skies",276193,286922,1.03884602433805
"269","Blueface",342989,356282,1.03875634495567
"270","Eartha Kitt",279236,289965,1.03842269621396
"271","ZAYN",286767,297781.5,1.03840923118769
"272","Kenny Chesney",213017,221121,1.03804391198824
"273","Jorja Smith",309720,321471.5,1.03794233501227
"274","Cashmere Cat",253476.5,263079,1.03788319627263
"275","Zara Larsson",243643.5,252667,1.03703566891791
"276","*NSYNC",264110,273808,1.0367195486729
"277","SHAED",278776,288985,1.03662079949494
"278","Luke Bryan",217476,225371,1.03630285640714
"279","Charli XCX",228799.5,237032,1.03598128492414
"280","blackbear",254512.5,263499,1.03530867835568
"281","Queen",275609,285132,1.03455257266635
"282","Charlie Puth",302337,312774.5,1.03452273456441
"283","Cash Cash",200511,207428,1.03449686052137
"284","ScHoolboy Q",309845,320384,1.03401378108409
"285","Axwell /\ Ingrosso",291484,301396.5,1.03400701239176
"286","Trey Songz",163685.5,169239.5,1.03393092240913
"287","Jon Pardi",194898,201508.5,1.03391774158791
"288","Camila Cabello",331311,342414.5,1.03351382839688
"289","Jess Glynne",225274,232772.5,1.03328613155535
"290","Sia",239499,247427,1.0331024346657
"291","SOB X RBE",311437,321654.5,1.03280759832647
"292","Bryson Tiller",198056,204525.5,1.0326650038373
"293","Russ",222110,229313,1.03242987708793
"294","Alok",189340,195474,1.03239674659343
"295","Flo Rida",238697,246424,1.03237158405845
"296","Dennis Lloyd",291208,300593,1.03222782341144
"297","Lil Xan",308904.5,318751,1.03187554729698
"298","Chris Young",193394,199374.5,1.03092391697778
"299","Josh Turner",167652,172819,1.03081979338153
"300","Rihanna",211812,218299,1.03062621570072
"301","DJ Khaled",321440,331255,1.03053446988552
"302","Jake Owen",212830,219295,1.03037635671663
"303","Trouble",196987,202927,1.03015427413992
"304","GoldLink",213093,219508,1.030104226793
"305","Chase Rice",209196,215415,1.02972810187575
"306","JP Cooper",257515,265072,1.02934586334777
"307","Glades",203979,209764.5,1.02836321386025
"308","DJ A1",505201,519514,1.02833129783987
"309","Becky G",250028,256747,1.02687299022509
"310","Alesso",291960,299693,1.02648650500069
"311","Shawn Hook",191162,196144,1.02606166497526
"312","Ella Mai",306995,314728,1.02518933533119
"313","The Killers",185768,190433,1.02511196761552
"314","Rich The Kid",334685.5,343089.5,1.02511014071419
"315","Snakehips",292725,299995.5,1.02483730463746
"316","KYLE",336501.5,344803,1.02467002375918
"317","James Arthur",263735,270138,1.02427815799951
"318","Jaden Smith",219651,224896,1.02387878953431
"319","Skrillex",318458,326047,1.02383045801958
"320","Marc E. Bassy",154061,157732,1.02382822388534
"321","Olivia Holt",263889,270021,1.02323704284756
"322","Ayo & Teo",272004.5,278258.5,1.02299226667206
"323","Billy Currington",187300,191600.5,1.0229604911906
"324","Jason Derulo",262910.5,268922.5,1.02286709735823
"325","Hearts & Colors",226217,231299,1.02246515513865
"326","N.E.R.D",226976,232062.5,1.02240985831101
"327","FRENSHIP",159243.5,162795.5,1.02230546301733
"328","Jay Rock",378024,386395,1.02214409667111
"329","Thurl Ravenscroft",245493.5,250913,1.02207594091086
"330","Luke Combs",222779,227665.5,1.02193429362732
"331","6LACK",218284,223035.5,1.021767513881
"332","LANCO",200994,205208.5,1.02096828761058
"333","Calboy",370034,377790,1.02096023608641
"334","Flume",163680,167040,1.02052785923754
"335","Taylor Swift",285359,291186.5,1.02042164431471
"336","NF",248674.5,253601.5,1.01981304878466
"337","Kesha",261253,266016,1.01823136959193
"338","Loud Luxury",249499.5,254013,1.01809021661366
"339","YG",390212,397202,1.0179133394155
"340","Cheat Codes",253074,257578,1.01779716604629
"341","Frank Sinatra",360726,366998,1.01738715812001
"342","Keith Urban",167805.5,170703,1.01726701448999
"343","Jason Aldean",253047,257344,1.01698103514367
"344","Marian Hill",264435,268797,1.01649554710988
"345","Kygo",323319.5,328539.5,1.01614502063748
"346","Ava Max",403037,409392,1.01576778310676
"347","Sage The Gemini",283338,287761,1.01561033112396
"348","Perry Como",306021,310651,1.01512968064283
"349","Dan + Shay",282547,286818,1.01511606918495
"350","Rita Ora",250801.5,254590,1.01510557153765
"351","AJR",234543,238068,1.01502922705005
"352","Russell Dickerson",209909.5,213047,1.0149469176002
"353","JAY Z",155661,157972.5,1.01484957696533
"354","Machine Gun Kelly",267148,271093,1.01476709539282
"355","Stan Kenton",349155,354266.5,1.01463962996377
"356","benny blanco",557745,565648,1.01416955777282
"357","5 Seconds of Summer",396515,401885,1.01354299332938
"358","Comethazine",263175,266670,1.01328013679111
"359","Bazzi",368596,373488,1.01327198341816
"360","Noah Cyrus",285870.5,289651,1.01322451949397
"361","Aretha Franklin",316873,320911,1.0127432756972
"362","Jax Jones",221502,224284,1.01255970600717
"363","Lean Trap",210659.5,213209.5,1.01210484217422
"364","Ellie Goulding",425262,430313.5,1.01187855957034
"365","Cole Swindell",157882,159740,1.01176828264147
"366","Soundgarden",217947,220480,1.01162209160943
"367","Mark Ronson",357734,361883,1.01159800298546
"368","Chris Jeday",165345.5,167188.5,1.01114635717331
"369","Bryce Vine",332774,336351,1.01074903688389
"370","Lukas Graham",158190.5,159799.5,1.01017128082913
"371","Anne-Marie",242725.5,245189,1.01014932506061
"372","Troye Sivan",268757.5,271473,1.0101039040771
"373","Sabrina Carpenter",207672,209758,1.01004468585076
"374","Sam Hunt",316594.5,319708,1.00983434645896
"375","Band Aid",399189.5,403105.5,1.00980987726381
"376","Michael Bublé",323056,326090,1.00939156059631
"377","Lady Gaga",390797,394448.5,1.00934372577067
"378","Kane Brown",246624,248814,1.00887991436357
"379","Bebe Rexha",309746,312408,1.00859413842309
"380","Little Mix",274784,276757,1.00718018516362
"381","Kid Cudi",155412,156514,1.00709082953697
"382","Jonas Blue",292697.5,294760,1.00704652414182
"383","Stanaj",238930,240303.5,1.00574854559913
"384","Young M.A",233301.5,234626.5,1.00567934625367
"385","LANY",196387.5,197500,1.00566482082617
"386","Shakira",208323,209383,1.00508825237732
"387","Jeremy Zucker",239942,241162.5,1.00508664593944
"388","Nat King Cole",342352,343806,1.00424709071365
"389","SZA",264039,265115,1.00407515556414
"390","CNCO",192768.5,193497,1.00377914441415
"391","Dynoro",343193,344387,1.00347909193952
"392","Luis Fonsi",339624.5,340778,1.00339639808082
"393","JID",245888,246699,1.00329824960958
"394","KREAM",164795,165307.5,1.00310992445159
"395","Thomas Gold",177557,177910.5,1.00199090996131
"396","YNW Melly",290680,291143,1.00159281684326
"397","Miley Cyrus",265424,265736,1.0011754777262
"398","Lauv",261852.5,261971,1.00045254484872
"399","Portugal. The Man",321722,321731,1.00002797446242
"400","Joji",272448,272253,0.9992842670895
"401","Tony Bennett",293898,293481.5,0.998582841666156
"402","Petit Biscuit",276676,276211.5,0.998321140973558
"403","P!nk",274532.5,273965,0.99793284948048
"404","Grey",196219,195764,0.997681162374694
"405","Ziv Zaifman",264062.5,263375,0.997396449704142
"406","Clean Bandit",321442,320586,0.997337000143105
"407","Brett Young",205789.5,205181.5,0.997045524674485
"408","Foster The People",205092,204330,0.996284594230882
"409","Louis The Child",285343,283932.5,0.995056826345836
"410","Bad Bunny",282404,280966,0.994908004135919
"411","Miguel",303546,301955,0.994758619780857
"412","Loren Allred",261673,260214,0.994424338773966
"413","NexXthursday",161315.5,160406,0.994361980094907
"414","Robin Schulz",212599,211277,0.993781720516089
"415","A R I Z O N A",231064,229442,0.99298029983035
"416","Old Dominion",197537,196024,0.99234067541777
"417","Walker Hayes",197560,195939,0.991794897752581
"418","Bobby Helms",720713,714626,0.991554197024336
"419","Jordan Davis",231046.5,228896,0.990692349808372
"420","Luke Christopher",230227,228058.5,0.990581035239134
"421","Macklemore",297114.5,294295,0.990510392458126
"422","22 Savage",358605,354440,0.988385549560101
"423","Daya",235229,232461.5,0.988234868999996
"424","Chris Lane",219551.5,216953,0.988164508099466
"425","The Lumineers",164465,162129.5,0.985799410208859
"426","Loote",178148.5,175536,0.985335268048847
"427","Martin Jensen",273825,269649,0.984749383730485
"428","Rudimental",368353.5,362126.5,0.983095043212566
"429","Roy Woods",161022,158252,0.982797381724236
"430","John Mayer",305616,300309,0.982635071462227
"431","Isaiah",209048.5,205290.5,0.982023310380127
"432","Alan Walker",204098,200178,0.980793540358063
"433","Gryffin",299734,293949,0.980699553604196
"434","Bing Crosby",316984,310775,0.980412260555738
"435","Moon Taxi",196955,192990.5,0.979871036531187
"436","Mitchell Tenpenny",213678,209202,0.979052593154185
"437","Hugh Jackman",237942,232941,0.978982272990897
"438","MAX",226595,221618,0.97803570246475
"439","Louis Tomlinson",494045.5,483114,0.977873495457402
"440","Avril Lavigne",235944.5,230421.5,0.976591952768554
"441","Fetty Wap",147826,144208,0.975525279720753
"442","Matt Terry",209948,204217,0.972702764494065
"443","Madison Beer",223602,217453,0.972500245972755
"444","Ugly God",256289,249094,0.971926223911288
"445","Reik",195938,190268,0.971062274801213
"446","Sean Paul",281035,272895.5,0.971037415268561
"447","James Bay",154523,149626,0.968308924884969
"448","VÉRITÉ",187101,181128.5,0.968078738221602
"449","Fall Out Boy",220338,212523,0.964531764834028
"450","Maggie Lindemann",296327,285506.5,0.963484596408697
"451","Dominic Fike",267029,257192,0.963161304577405
"452","Paul McCartney",374118,360011.5,0.962293982112596
"453","OneRepublic",263941,252769.5,0.957674252958047
"454","MØ",251659.5,240426.5,0.955364291830827
"455","The Notorious B.I.G.",200576,191601,0.95525386885769
"456","Sofia Reyes",220477,210099,0.952929330497059
"457","Audioslave",236856,224621,0.948344141588138
"458","Lauren Daigle",238856,223632,0.936262852932311
"459","Burl Ives",407951,378997,0.929025789862018
"460","lovelytheband",222573,206182,0.926356745876634
"461","Dean Lewis",343021,317748,0.926322295136449
"462","Years & Years",244318,226148,0.92562971209653
"463","Bhad Bhabie",211773,195830,0.924716559712522
"464","Nause",162767,150172,0.922619449888491
"465","The Jackson 5",300489.5,276081.5,0.91877253614519
"466","Kiiara",211392,194082,0.91811421435059
"467","Why Don't We",282725.5,258971,0.915980341355838
"468","Chad Focus",186305,169151,0.907925176457959
"469","Kris Kross Amsterdam",294951,267603.5,0.907281209421226
"470","Michael Jackson",297117.5,268178,0.902599140070847
"471","Chucho Flash",232014,208556,0.898894032256674
"472","Michelle Williams",208792.5,186481,0.893140318737503
"473","AC/DC",229043.5,204456,0.892651395913877
"474","Rodney Atkins",225737,200846,0.889734514058395
"475","State of Sound",161321,143211,0.887739351975254
"476","Anderson .Paak",307411,270736,0.880697177394433
"477","Big Shaq",247387,214022,0.865130342338118
"478","Galantis",299976,252820.5,0.842802424193935
"479","Anitta",238667,199605,0.836332630820348
"480","Kehlani",521862.5,430912,0.825719418429184
"481","Meghan Trainor",253219,205911,0.813173577022261
"482","Bass Santana",341751,274574,0.803432908755205
"483","Tom Petty",274788,220288.5,0.801667103366959
"484","Christina Aguilera",352566,261965.5,0.743025419354107
"485","Carpenters",339591,245918.5,0.724160828761657
"486","Mabel",358774,255481,0.71209452189958
"487","Ray Parker, Jr.",327457.5,225615.5,0.688991701213135
"488","Beyoncé",231349,151581,0.655204906872301
"489","The Pogues",377901.5,237611,0.628764373785232

"490","Gwen Stefani",437297,264130,0.604005973057213
"491","Nat King Cole Trio",397578.5,227558,0.572359923889245
"492","Kay Starr",423928.5,225949.5,0.532989643300698
"493","Chris Rea",407689,214294,0.525631057006689
"494","Lou Monte",426724,217701,0.510168164902841
"495","$uicideBoy$",NA,247359,NA
"496","2Pac",NA,214596,NA
"497","A-Trak",NA,209745,NA
"498","Alicia Keys",274538,NA,NA
"499","alt-J",NA,226783,NA
"500","Andrew McMahon in the Wilderness",NA,164012,NA
"501","at Wendys",NA,200679,NA
"502","August Alsina",NA,149475,NA
"503","Austyn Johnson",188664,NA,NA
"504","Backstreet Boys",328634,NA,NA
"505","Baka Not Nice",192497,NA,NA
"506","Beck",NA,218038,NA
"507","Bee Gees",192352.5,NA,NA
"508","Ben Howard",184687,NA,NA
"509","Ben Platt",216313,NA,NA
"510","Blue Öyster Cult",373148,NA,NA
"511","Bobby ""Boris"" Pickett",252440.5,NA,NA
"512","Bobby ""Boris"" Pickett & The Crypt-Kickers",265774,NA,NA
"513","Bobby McFerrin",151217,NA,NA
"514","Bon Iver",217118,NA,NA
"515","Bonnie Tyler",302026,NA,NA
"516","Boogie",NA,254881,NA
"517","BØRNS",NA,199295,NA
"518","Bradley Cooper",196709,NA,NA
"519","Brantley Gilbert",171566,NA,NA
"520","Bring Me The Horizon",NA,266449.5,NA
"521","BURNS",NA,237548,NA
"522","Calum Scott",198073,NA,NA
"523","Carlie Hanson",200958,NA,NA
"524","Céline Dion",337702,NA,NA
"525","Chelsea Cutler",NA,238791,NA
"526","Chris Cornell",211539,NA,NA
"527","Christina Perri",204036,NA,NA
"528","CHVRCHES",NA,270705.5,NA
"529","Cooliecut",333504,NA,NA
"530","Corey",306127,NA,NA
"531","Creedence Clearwater Revival",200872,NA,NA
"532","Darlene Love",336830,NA,NA
"533","Dead Or Alive",200815,NA,NA
"534","Death Cab for Cutie",NA,243419,NA
"535","DeJ Loaf",152420,NA,NA
"536","Dexys Midnight Runners",194508,NA,NA
"537","Dimitri Vegas & Like Mike",NA,169975,NA
"538","Disney Characters",364572,NA,NA
"539","DJ Jazzy Jeff & The Fresh Prince",321896.5,NA,NA
"540","DJDS",NA,202109,NA
"541","DMX",216793,NA,NA
"542","Donny Hathaway",449977.5,NA,NA
"543","Dropkick Murphys",NA,269741.5,NA
"544","Duran Duran",223313,NA,NA
"545","Earl Sweatshirt",NA,349669,NA
"546","Echosmith",NA,182666,NA
"547","Electric Light Orchestra",181751.5,NA,NA
"548","Ella Fitzgerald",398011.5,NA,NA
"549","Elton John",355957,NA,NA
"550","Emma Stone",160750,NA,NA
"551","Fabolous",NA,232011,NA
"552","Farruko",NA,197352,NA
"553","Fleetwood Mac",170393,NA,NA
"554","Florence + The Machine",NA,269479.5,NA
"555","Flyboy Tarantino",248926.5,NA,NA
"556","Foo Fighters",NA,248172,NA
"557","Francis and the Lights",NA,205836.5,NA
"558","Friyie",173792,NA,NA
"559","fun.",194870,NA,NA
"560","George Ezra",212318.5,NA,NA
"561","Glee Cast",227479,NA,NA
"562","Good Gas",NA,220281.5,NA
"563","Guns N' Roses",154748,NA,NA
"564","Hannah Kerr",290059,NA,NA
"565","Hayley Kiyoko",NA,308065,NA
"566","Hazers",NA,191964,NA
"567","ILoveMakonnen",NA,264594,NA
"568","Jack Johnson",176804,NA,NA
"569","James Hersey",151410,NA,NA
"570","Jeezy",NA,353941,NA
"571","Jessie J",352788,NA,NA
"572","John Carpenter",314999,NA,NA
"573","John Denver",390496,NA,NA
"574","Johnny Mathis",366906.5,NA,NA
"575","Jordan Smith",295015,NA,NA
"576","Kacey Musgraves",266986,NA,NA
"577","Kelsea Ballerini",NA,205964,NA
"578","Keys N Krates",NA,238573,NA
"579","Kid Trunks",290598,NA,NA
"580","Kyle Dixon & Michael Stein",189260,NA,NA
"581","Kylie Minogue",388062,NA,NA
"582","La La Land Cast",158246,NA,NA
"583","Lauren Jauregui",NA,227493,NA
"584","Len",268821,NA,NA
"585","Lennon Stella",223864,NA,NA
"586","Leona Lewis",373994,NA,NA
"587","Life of Dillon",NA,189064,NA
"588","Lin-Manuel Miranda",NA,299656,NA
"589","Little Big Town",179386,NA,NA
"590","Lost Kings",NA,229640,NA
"591","Lynyrd Skynyrd",283109,NA,NA
"592","M.I.A.",210494,NA,NA
"593","M83",257703,NA,NA
"594","Macklemore & Ryan Lewis",233171,NA,NA
"595","Maggie Rogers",NA,304699,NA
"596","Majid Jordan",NA,216310,NA
"597","mansionz",NA,166943,NA
"598","Maren Morris",NA,362731,NA
"599","Marilyn Manson",392688,NA,NA
"600","Marvin Gaye",247540,NA,NA
"601","MC Ty",166659,NA,NA
"602","Mobb Deep",250045,NA,NA
"603","Moneybagg Yo",NA,271983.5,NA
"604","Muse",NA,228934,NA
"605","Natalie Cole",240694,NA,NA
"606","Nico & Vinz",275642,NA,NA
"607","Nina Nesbitt",350647.5,NA,NA
"608","Noah Schnacky",202775,NA,NA
"609","Norah Jones",286140,NA,NA
"610","O.T. Genasis",163667,NA,NA
"611","Oasis",175467.5,NA,NA
"612","OMI",311212,NA,NA
"613","Otis Redding",154347,NA,NA
"614","OutKast",248069,NA,NA
"615","Passenger",181086.5,NA,NA
"616","Paul Simon",183669,NA,NA
"617","Paulo Londra",218187,NA,NA
"618","Peggy Lee",422026,NA,NA
"619","Phil Collins",143813,NA,NA
"620","Phoenix",NA,262198,NA
"621","Prince",167194.5,NA,NA
"622","Queen Naija",NA,229463,NA
"623","Red Hot Chili Peppers",207181,NA,NA
"624","Red Velvet",NA,236400,NA
"625","Redbone",177297,NA,NA
"626","RL Grime",NA,337457,NA
"627","Robyn",NA,261903,NA
"628","Rockwell",365797.5,NA,NA
"629","Ronny J",242032,NA,NA
"630","Rusted Root",275917,NA,NA
"631","Ryan Gosling",162191,NA,NA
"632","Sam Cooke",145484,NA,NA
"633","Seeb",223800,NA,NA
"634","Shaggy",241087,NA,NA
"635","Shakin' Stevens",409189.5,NA,NA
"636","Shallou",162310,NA,NA
"637","Sigrid",NA,168085,NA
"638","Snoop Dogg",203432.5,NA,NA
"639","Sofi Tukker",194761,NA,NA
"640","Soleima",NA,186533,NA
"641","Stargate",NA,178057,NA
"642","Stevie Nicks",192684,NA,NA
"643","Sublime",249323.5,NA,NA
"644","Tankhead",228748,NA,NA
"645","Temple Of The Dog",207132,NA,NA
"646","The All-American Rejects",NA,198402,NA
"647","The Beatles",182146,NA,NA
"648","The Citizens of Halloween",362314.5,NA,NA
"649","The Clash",171175.5,NA,NA
"650","The Cranberries",283522,NA,NA
"651","The Goo Goo Dolls",188495,NA,NA
"652","The Platters",403679,NA,NA
"653","The Rolling Stones",184311,NA,NA
"654","The Temptations",249539,NA,NA
"655","Tim Berg",NA,252408,NA
"656","Timeflies",NA,185336,NA
"657","TLC",201499,NA,NA
"658","Toby Keith",245177.5,NA,NA
"659","Tom Petty and the Heartbreakers",260643,NA,NA
"660","Tove Lo",NA,308874,NA
"661","Tove Styrke",NA,185163,NA
"662","Train",350455,NA,NA
"663","Van Morrison",214719,NA,NA
"664","Vic Mensa",NA,215385,NA
"665","WALK THE MOON",NA,217921,NA
"666","Warren Zevon",243677.5,NA,NA
"667","Weezer",NA,316910,NA
"668","Whethan",NA,208875,NA
"669","Yellow Claw",NA,186417,NA
"670","Young Dolph",NA,210334,NA
"671","Zac Brown Band",238062.5,NA,NA
"672","ZHU",NA,170557,NA
