date,artist,total_streams
2017-01-01,Drake,3909721
2017-01-01,The Chainsmokers,2171013
2017-01-01,Post Malone,740757
2017-01-02,Drake,3386567
2017-01-02,The Chainsmokers,1798392
2017-01-02,Post Malone,753549
2017-01-03,Drake,3677771
2017-01-03,The Chainsmokers,1994706
2017-01-03,Post Malone,840475
2017-01-04,Drake,3666873
2017-01-04,The Chainsmokers,2009052
2017-01-04,Post Malone,855890
2017-01-05,Drake,3764758
2017-01-05,The Chainsmokers,2004687
2017-01-05,Post Malone,873291
2017-01-06,Ed Sheeran,3647749
2017-01-06,Drake,3604295
2017-01-06,The Chainsmokers,1956333
2017-01-06,Post Malone,872738
2017-01-07,Ed Sheeran,3459723
2017-01-07,Drake,3572889
2017-01-07,The Chainsmokers,1725905
2017-01-07,Post Malone,785201
2017-01-08,Ed Sheeran,2836603
2017-01-08,Drake,3413057
2017-01-08,The Chainsmokers,1605396
2017-01-08,Post Malone,755936
2017-01-09,Ed Sheeran,3184992
2017-01-09,Drake,3343628
2017-01-09,The Chainsmokers,1736863
2017-01-09,Post Malone,854510
2017-01-10,Ed Sheeran,2863963
2017-01-10,Drake,3481109
2017-01-10,The Chainsmokers,1817130
2017-01-10,Post Malone,855917
2017-01-11,Ed Sheeran,2861462
2017-01-11,Drake,3571884
2017-01-11,The Chainsmokers,1841385
2017-01-11,Post Malone,885418
2017-01-12,Ed Sheeran,2710517
2017-01-12,Drake,3739224
2017-01-12,The Chainsmokers,1907248
2017-01-12,Post Malone,918366
2017-01-13,Ed Sheeran,2689569
2017-01-13,Drake,3818839
2017-01-13,The Chainsmokers,3099351
2017-01-13,Post Malone,938615
2017-01-14,Ed Sheeran,2386590
2017-01-14,Drake,3820118
2017-01-14,The Chainsmokers,3076160
2017-01-14,Post Malone,837661
2017-01-15,Ed Sheeran,2177324
2017-01-15,Drake,3511569
2017-01-15,The Chainsmokers,2790153
2017-01-15,Post Malone,781959
2017-01-16,Ed Sheeran,2371881
2017-01-16,Drake,3539435
2017-01-16,The Chainsmokers,2991903
2017-01-16,Post Malone,814341
2017-01-17,Ed Sheeran,2460794
2017-01-17,The Chainsmokers,3204958
2017-01-17,Drake,3402578
2017-01-17,Post Malone,884004
2017-01-18,Ed Sheeran,2444660
2017-01-18,Drake,3455648
2017-01-18,The Chainsmokers,3131737
2017-01-18,Post Malone,896057
2017-01-19,Ed Sheeran,2421800
2017-01-19,Drake,3632263
2017-01-19,The Chainsmokers,2968933
2017-01-19,Post Malone,900057
2017-01-20,Ed Sheeran,2351552
2017-01-20,Drake,3665025
2017-01-20,The Chainsmokers,2924799
2017-01-20,Post Malone,908930
2017-01-21,Ed Sheeran,2175133
2017-01-21,Drake,3668499
2017-01-21,The Chainsmokers,2702899
2017-01-21,Post Malone,840778
2017-01-22,Ed Sheeran,2060293
2017-01-22,Drake,3340345
2017-01-22,The Chainsmokers,2411931
2017-01-22,Post Malone,781014
2017-01-23,Ed Sheeran,2314734
2017-01-23,Drake,3116422
2017-01-23,The Chainsmokers,2559677
2017-01-23,Post Malone,864260
2017-01-24,Ed Sheeran,2403111
2017-01-24,Drake,3221608
2017-01-24,The Chainsmokers,2670081
2017-01-24,Post Malone,926883
2017-01-25,Ed Sheeran,2422206
2017-01-25,Drake,3275826
2017-01-25,The Chainsmokers,2707452
2017-01-25,Post Malone,974045
2017-01-26,Ed Sheeran,2491831
2017-01-26,Drake,3343742
2017-01-26,The Chainsmokers,2763186
2017-01-26,Post Malone,1035296
2017-01-27,Ed Sheeran,2468070
2017-01-27,Drake,3407692
2017-01-27,The Chainsmokers,2838955
2017-01-27,Post Malone,1068509
2017-01-28,Ed Sheeran,2222883
2017-01-28,Drake,3347123
2017-01-28,The Chainsmokers,2613229
2017-01-28,Post Malone,984562
2017-01-29,Ed Sheeran,2059364
2017-01-29,Drake,3045396
2017-01-29,The Chainsmokers,2333337
2017-01-29,Post Malone,930292
2017-01-30,Ed Sheeran,2330150
2017-01-30,The Chainsmokers,2519504
2017-01-30,Drake,2801893
2017-01-30,Post Malone,1073117
2017-01-31,Ed Sheeran,2417262
2017-01-31,The Chainsmokers,2651597
2017-01-31,Drake,2945180
2017-01-31,Post Malone,1165725
2017-02-01,Ed Sheeran,2444415
2017-02-01,The Chainsmokers,2677262
2017-02-01,Drake,2951430
2017-02-01,Post Malone,1210798
2017-02-02,Ed Sheeran,2440169
2017-02-02,The Chainsmokers,2670541
2017-02-02,Drake,3133844
2017-02-02,Post Malone,1228621
2017-02-03,Ed Sheeran,2432022
2017-02-03,Drake,2892815
2017-02-03,The Chainsmokers,2735658
2017-02-03,Post Malone,1269152
2017-02-04,Ed Sheeran,2124810
2017-02-04,Drake,3214486
2017-02-04,The Chainsmokers,2570514
2017-02-04,Post Malone,1173885
2017-02-05,Ed Sheeran,2205902
2017-02-05,Drake,3026590
2017-02-05,The Chainsmokers,2439698
2017-02-05,Post Malone,1104243
2017-02-06,Ed Sheeran,2136366
2017-02-06,The Chainsmokers,2088827
2017-02-06,Drake,2343430
2017-02-06,Post Malone,1105240
2017-02-07,Ed Sheeran,2368833
2017-02-07,The Chainsmokers,2519668
2017-02-07,Drake,2778144
2017-02-07,Post Malone,1251652
2017-02-08,Ed Sheeran,2407799
2017-02-08,The Chainsmokers,2538597
2017-02-08,Drake,2830589
2017-02-08,Post Malone,1302445
2017-02-09,Ed Sheeran,2366913
2017-02-09,The Chainsmokers,2295671
2017-02-09,Drake,2819803
2017-02-09,Post Malone,1305988
2017-02-10,Ed Sheeran,2603169
2017-02-10,The Chainsmokers,2384300
2017-02-10,Drake,2908828
2017-02-10,Post Malone,1387141
2017-02-11,Ed Sheeran,2102929
2017-02-11,Drake,3144167
2017-02-11,The Chainsmokers,2464372
2017-02-11,Post Malone,1379123
2017-02-12,Ed Sheeran,2106203
2017-02-12,Drake,2901881
2017-02-12,The Chainsmokers,2223637
2017-02-12,Post Malone,1283736
2017-02-13,Ed Sheeran,2364707
2017-02-13,The Chainsmokers,2201713
2017-02-13,Drake,2707552
2017-02-13,Post Malone,1385349
2017-02-14,Ed Sheeran,2724733
2017-02-14,The Chainsmokers,2152767
2017-02-14,Drake,2343434
2017-02-14,Post Malone,1431395
2017-02-15,Ed Sheeran,2648833
2017-02-15,The Chainsmokers,2247010
2017-02-15,Drake,2371298
2017-02-15,Post Malone,1449612
2017-02-16,Ed Sheeran,2525283
2017-02-16,The Chainsmokers,2256078
2017-02-16,Drake,2742202
2017-02-16,Post Malone,1507530
2017-02-17,Ed Sheeran,3092045
2017-02-17,The Chainsmokers,2328038
2017-02-17,Drake,2464131
2017-02-17,Post Malone,1559184
2017-02-18,Ed Sheeran,2558509
2017-02-18,Drake,2593624
2017-02-18,The Chainsmokers,2134283
2017-02-18,Post Malone,1450299
2017-02-19,Ed Sheeran,2408618
2017-02-19,Drake,2518353
2017-02-19,The Chainsmokers,1756217
2017-02-19,Post Malone,1355127
2017-02-20,Ed Sheeran,2585890
2017-02-20,The Chainsmokers,1844400
2017-02-20,Drake,2189209
2017-02-20,Post Malone,1448040
2017-02-21,Ed Sheeran,2621319
2017-02-21,The Chainsmokers,1853860
2017-02-21,Post Malone,1521466
2017-02-21,Drake,2165479
2017-02-22,Ed Sheeran,2630650
2017-02-22,The Chainsmokers,2157180
2017-02-22,Post Malone,1594353
2017-02-22,Drake,2263611
2017-02-23,Ed Sheeran,2642698
2017-02-23,The Chainsmokers,3436919
2017-02-23,Post Malone,1622516
2017-02-23,Drake,2275633
2017-02-24,Ed Sheeran,2730453
2017-02-24,The Chainsmokers,3771993
2017-02-24,Post Malone,1665284
2017-02-24,Drake,2329828
2017-02-25,Ed Sheeran,2103032
2017-02-25,The Chainsmokers,3325608
2017-02-25,Post Malone,1561058
2017-02-25,Drake,2295827
2017-02-26,Ed Sheeran,2065055
2017-02-26,The Chainsmokers,2901027
2017-02-26,Post Malone,1445324
2017-02-26,Drake,2353268
2017-02-27,Ed Sheeran,2365800
2017-02-27,The Chainsmokers,2947192
2017-02-27,Post Malone,1554144
2017-02-27,Drake,1995214
2017-02-28,Ed Sheeran,2342703
2017-02-28,The Chainsmokers,3055647
2017-02-28,Post Malone,1639514
2017-02-28,Drake,2095394
2017-03-01,Ed Sheeran,2503542
2017-03-01,The Chainsmokers,3226368
2017-03-01,Post Malone,1659935
2017-03-01,Drake,2112340
2017-03-02,Ed Sheeran,2348206
2017-03-02,The Chainsmokers,3271255
2017-03-02,Post Malone,1684028
2017-03-02,Drake,2136493
2017-03-03,Ed Sheeran,13189409
2017-03-03,The Chainsmokers,3066637
2017-03-03,Post Malone,1735677
2017-03-03,Drake,2220971
2017-03-04,Ed Sheeran,12836821
2017-03-04,The Chainsmokers,2792817
2017-03-04,Post Malone,1613409
2017-03-04,Drake,2195203
2017-03-05,Ed Sheeran,11605045
2017-03-05,The Chainsmokers,2477380
2017-03-05,Post Malone,1501301
2017-03-05,Drake,1977476
2017-03-06,Ed Sheeran,14201746
2017-03-06,The Chainsmokers,2777959
2017-03-06,Post Malone,1633526
2017-03-06,Drake,1923440
2017-03-07,Ed Sheeran,13546104
2017-03-07,The Chainsmokers,2843968
2017-03-07,Post Malone,1674463
2017-03-07,Drake,1999065
2017-03-08,Ed Sheeran,13038950
2017-03-08,The Chainsmokers,2828843
2017-03-08,Post Malone,1695222
2017-03-08,Drake,2035378
2017-03-09,Ed Sheeran,12252266
2017-03-09,The Chainsmokers,2823484
2017-03-09,Post Malone,1733371
2017-03-09,Drake,2076806
2017-03-10,Ed Sheeran,11132857
2017-03-10,Post Malone,1793064
2017-03-10,The Chainsmokers,2886638
2017-03-10,Drake,2170129
2017-03-11,Ed Sheeran,9128934
2017-03-11,Post Malone,1683427
2017-03-11,The Chainsmokers,2728468
2017-03-11,Drake,2188293
2017-03-12,Ed Sheeran,8258060
2017-03-12,Post Malone,1558933
2017-03-12,The Chainsmokers,2459091
2017-03-12,Drake,1977380
2017-03-13,Ed Sheeran,9333566
2017-03-13,Post Malone,1637449
2017-03-13,The Chainsmokers,2625724
2017-03-13,Drake,1901953
2017-03-14,Ed Sheeran,8402085
2017-03-14,Post Malone,1623584
2017-03-14,The Chainsmokers,2522255
2017-03-14,Drake,1897934
2017-03-15,Ed Sheeran,8194289
2017-03-15,Post Malone,1651184
2017-03-15,The Chainsmokers,2566101
2017-03-15,Drake,1920774
2017-03-16,Ed Sheeran,7928314
2017-03-16,Post Malone,1617856
2017-03-16,The Chainsmokers,2743411
2017-03-16,Drake,1909254
2017-03-17,Ed Sheeran,7836795
2017-03-17,Post Malone,1657781
2017-03-17,The Chainsmokers,2649865
2017-03-17,Drake,2003472
2017-03-18,Ed Sheeran,6625145
2017-03-18,Post Malone,1552521
2017-03-18,The Chainsmokers,2491850
2017-03-18,Drake,2068022
2017-03-19,Drake,39302445
2017-03-19,Ed Sheeran,6089413
2017-03-19,Post Malone,1435507
2017-03-19,The Chainsmokers,2293882
2017-03-20,Drake,39427789
2017-03-20,Ed Sheeran,6896909
2017-03-20,The Chainsmokers,2268123
2017-03-20,Post Malone,1495947
2017-03-21,Drake,35526974
2017-03-21,Ed Sheeran,6496117
2017-03-21,The Chainsmokers,2285314
2017-03-21,Post Malone,1546896
2017-03-22,Drake,30839893
2017-03-22,Ed Sheeran,6305782
2017-03-22,Post Malone,1567254
2017-03-22,The Chainsmokers,2256285
2017-03-23,Drake,27169209
2017-03-23,Ed Sheeran,6170575
2017-03-23,Post Malone,1579891
2017-03-23,The Chainsmokers,2245386
2017-03-24,Drake,23101509
2017-03-24,Ed Sheeran,6079422
2017-03-24,Post Malone,1642171
2017-03-24,The Chainsmokers,2360017
2017-03-25,Drake,18902063
2017-03-25,Ed Sheeran,4896315
2017-03-25,Post Malone,1570292
2017-03-25,The Chainsmokers,2217300
2017-03-26,Drake,15927941
2017-03-26,Ed Sheeran,4704802
2017-03-26,Post Malone,1441691
2017-03-26,The Chainsmokers,1979399
2017-03-27,Drake,17419832
2017-03-27,Ed Sheeran,5788503
2017-03-27,Post Malone,1551898
2017-03-27,The Chainsmokers,2214412
2017-03-28,Drake,16745041
2017-03-28,Ed Sheeran,5359194
2017-03-28,Post Malone,1592715
2017-03-28,The Chainsmokers,2854453
2017-03-29,Drake,15828278
2017-03-29,Ed Sheeran,5228884
2017-03-29,Post Malone,1622661
2017-03-29,The Chainsmokers,2592211
2017-03-30,Drake,15036489
2017-03-30,Ed Sheeran,5081269
2017-03-30,Post Malone,1620479
2017-03-30,The Chainsmokers,2740143
2017-03-31,Drake,14505052
2017-03-31,Ed Sheeran,4278564
2017-03-31,Post Malone,1488137
2017-03-31,The Chainsmokers,2946446
2017-04-01,Drake,12865631
2017-04-01,Ed Sheeran,3436616
2017-04-01,Post Malone,1400673
2017-04-01,The Chainsmokers,2802765
2017-04-02,Drake,11559341
2017-04-02,Ed Sheeran,3499639
2017-04-02,Post Malone,1299656
2017-04-02,The Chainsmokers,2341341
2017-04-03,Drake,12167516
2017-04-03,Ed Sheeran,3870995
2017-04-03,Post Malone,1380305
2017-04-03,The Chainsmokers,2845714
2017-04-04,Drake,11921879
2017-04-04,Ed Sheeran,3641065
2017-04-04,Post Malone,1399488
2017-04-04,The Chainsmokers,2758437
2017-04-05,Drake,11548989
2017-04-05,Ed Sheeran,3351957
2017-04-05,Post Malone,1394778
2017-04-05,The Chainsmokers,2694844
2017-04-06,Drake,11210457
2017-04-06,Ed Sheeran,3273695
2017-04-06,Post Malone,1398661
2017-04-06,The Chainsmokers,2660784
2017-04-07,Drake,11254747
2017-04-07,Ed Sheeran,2913339
2017-04-07,The Chainsmokers,8496769
2017-04-07,Post Malone,1447111
2017-04-08,Drake,10579387
2017-04-08,Ed Sheeran,2649639
2017-04-08,The Chainsmokers,7025390
2017-04-08,Post Malone,1388281
2017-04-09,Drake,9522926
2017-04-09,Ed Sheeran,2466209
2017-04-09,The Chainsmokers,5683080
2017-04-09,Post Malone,1279216
2017-04-10,Drake,9894517
2017-04-10,Ed Sheeran,2740628
2017-04-10,The Chainsmokers,6696537
2017-04-10,Post Malone,1346899
2017-04-11,Drake,9753521
2017-04-11,Ed Sheeran,2707219
2017-04-11,The Chainsmokers,6274224
2017-04-11,Post Malone,1356588
2017-04-12,Drake,9503043
2017-04-12,Ed Sheeran,2668557
2017-04-12,The Chainsmokers,5762401
2017-04-12,Post Malone,1396323
2017-04-13,Drake,9519874
2017-04-13,Ed Sheeran,2695475
2017-04-13,The Chainsmokers,5468590
2017-04-13,Post Malone,1442278
2017-04-14,Drake,8532604
2017-04-14,Ed Sheeran,2697678
2017-04-14,The Chainsmokers,4584767
2017-04-14,Post Malone,1428827
2017-04-15,Drake,7485264
2017-04-15,Ed Sheeran,2390463
2017-04-15,Post Malone,1333641
2017-04-15,The Chainsmokers,3361487
2017-04-16,Drake,6707181
2017-04-16,Ed Sheeran,2188441
2017-04-16,Post Malone,1226990
2017-04-16,The Chainsmokers,2666447
2017-04-17,Drake,7072838
2017-04-17,Ed Sheeran,2452863
2017-04-17,The Chainsmokers,3782566
2017-04-17,Post Malone,1333971
2017-04-18,Drake,7206464
2017-04-18,Ed Sheeran,2467875
2017-04-18,Post Malone,1548707
2017-04-18,The Chainsmokers,3604184
2017-04-19,Drake,7049700
2017-04-19,Ed Sheeran,2397245
2017-04-19,Post Malone,1403713
2017-04-19,The Chainsmokers,2967344
2017-04-20,Drake,6909126
2017-04-20,Ed Sheeran,2378312
2017-04-20,Post Malone,1452571
2017-04-20,The Chainsmokers,2910415
2017-04-21,Drake,7327259
2017-04-21,Ed Sheeran,2215697
2017-04-21,Post Malone,1487727
2017-04-21,The Chainsmokers,2936445
2017-04-22,Drake,6919726
2017-04-22,Ed Sheeran,2046553
2017-04-22,Post Malone,1403537
2017-04-22,The Chainsmokers,2684343
2017-04-23,Drake,6252130
2017-04-23,Ed Sheeran,1930597
2017-04-23,Post Malone,1297085
2017-04-23,The Chainsmokers,2458489
2017-04-24,Drake,6442967
2017-04-24,Ed Sheeran,2289184
2017-04-24,Post Malone,1374243
2017-04-24,The Chainsmokers,2714149
2017-04-25,Drake,6502247
2017-04-25,Ed Sheeran,2318039
2017-04-25,Post Malone,1406493
2017-04-25,The Chainsmokers,2734311
2017-04-26,Drake,6520139
2017-04-26,Ed Sheeran,2278244
2017-04-26,Post Malone,1359787
2017-04-26,The Chainsmokers,2682178
2017-04-27,Drake,6700407
2017-04-27,Ed Sheeran,2063594
2017-04-27,Post Malone,1368871
2017-04-27,The Chainsmokers,2648545
2017-04-28,Drake,5649122
2017-04-28,Ed Sheeran,1866474
2017-04-28,Post Malone,1378960
2017-04-28,The Chainsmokers,2696645
2017-04-29,Drake,5549960
2017-04-29,Ed Sheeran,1745685
2017-04-29,Post Malone,1300766
2017-04-29,The Chainsmokers,2497558
2017-04-30,Drake,5314857
2017-04-30,Ed Sheeran,1739511
2017-04-30,Post Malone,1189602
2017-04-30,The Chainsmokers,2276300
2017-05-01,Drake,5072962
2017-05-01,Ed Sheeran,1851556
2017-05-01,Post Malone,1258576
2017-05-01,The Chainsmokers,2496065
2017-05-02,Drake,5272833
2017-05-02,Ed Sheeran,1858761
2017-05-02,Post Malone,1321441
2017-05-02,The Chainsmokers,2505651
2017-05-03,Drake,5460704
2017-05-03,Ed Sheeran,1861140
2017-05-03,Post Malone,1330128
2017-05-03,The Chainsmokers,2483499
2017-05-04,Drake,5661231
2017-05-04,Ed Sheeran,1874301
2017-05-04,Post Malone,1350550
2017-05-04,The Chainsmokers,2432650
2017-05-05,Drake,5005709
2017-05-05,Ed Sheeran,1700881
2017-05-05,Post Malone,1372642
2017-05-05,The Chainsmokers,2440276
2017-05-06,Drake,5136843
2017-05-06,Ed Sheeran,1614680
2017-05-06,Post Malone,1305455
2017-05-06,The Chainsmokers,2283417
2017-05-07,Drake,4606876
2017-05-07,Ed Sheeran,1493532
2017-05-07,Post Malone,1193623
2017-05-07,The Chainsmokers,2085586
2017-05-08,Drake,4532790
2017-05-08,Post Malone,1483775
2017-05-08,Ed Sheeran,1781981
2017-05-08,The Chainsmokers,2283628
2017-05-09,Post Malone,1864524
2017-05-09,Drake,4717692
2017-05-09,Ed Sheeran,1790358
2017-05-09,The Chainsmokers,2320304
2017-05-10,Post Malone,1920125
2017-05-10,Drake,4701971
2017-05-10,Ed Sheeran,1598147
2017-05-10,The Chainsmokers,2266684
2017-05-11,Post Malone,1906524
2017-05-11,Drake,4691231
2017-05-11,Ed Sheeran,1604015
2017-05-11,The Chainsmokers,2280057
2017-05-12,Post Malone,1731625
2017-05-12,Drake,4671489
2017-05-12,Ed Sheeran,1618630
2017-05-12,The Chainsmokers,2312370
2017-05-13,Post Malone,1622631
2017-05-13,Drake,4815427
2017-05-13,Ed Sheeran,1530320
2017-05-13,The Chainsmokers,2163429
2017-05-14,Post Malone,1459355
2017-05-14,Drake,4311490
2017-05-14,Ed Sheeran,1410589
2017-05-14,The Chainsmokers,1939893
2017-05-15,Post Malone,1562719
2017-05-15,Drake,4418060
2017-05-15,Ed Sheeran,1511392
2017-05-15,The Chainsmokers,2153784
2017-05-16,Post Malone,1598722
2017-05-16,Drake,4499276
2017-05-16,Ed Sheeran,1535057
2017-05-16,The Chainsmokers,2175921
2017-05-17,Post Malone,1592187
2017-05-17,Drake,4455977
2017-05-17,Ed Sheeran,1513778
2017-05-17,The Chainsmokers,2071045
2017-05-18,Post Malone,1559664
2017-05-18,Drake,4212105
2017-05-18,Ed Sheeran,1489084
2017-05-18,The Chainsmokers,2097989
2017-05-19,Post Malone,1584340
2017-05-19,Drake,4121888
2017-05-19,Ed Sheeran,1321850
2017-05-19,The Chainsmokers,2101151
2017-05-20,Post Malone,1510824
2017-05-20,Drake,4052332
2017-05-20,Ed Sheeran,1240514
2017-05-20,The Chainsmokers,1955842
2017-05-21,Post Malone,1406139
2017-05-21,Drake,3991079
2017-05-21,Ed Sheeran,1246763
2017-05-21,The Chainsmokers,1776733
2017-05-22,Post Malone,1481265
2017-05-22,Drake,4165809
2017-05-22,Ed Sheeran,1342378
2017-05-22,The Chainsmokers,1951884
2017-05-23,Post Malone,1523743
2017-05-23,Drake,4449182
2017-05-23,Ed Sheeran,1351377
2017-05-23,The Chainsmokers,1953240
2017-05-24,Post Malone,1715183
2017-05-24,Drake,4106156
2017-05-24,Ed Sheeran,1346856
2017-05-24,The Chainsmokers,1946408
2017-05-25,Post Malone,1751726
2017-05-25,Drake,4286788
2017-05-25,Ed Sheeran,1357022
2017-05-25,The Chainsmokers,1986867
2017-05-26,Post Malone,1667370
2017-05-26,Drake,4044445
2017-05-26,Ed Sheeran,1236268
2017-05-26,The Chainsmokers,2109372
2017-05-27,Post Malone,1571095
2017-05-27,Drake,3782459
2017-05-27,Ed Sheeran,1152870
2017-05-27,The Chainsmokers,1927928
2017-05-28,Post Malone,1425059
2017-05-28,Drake,3432192
2017-05-28,Ed Sheeran,1030658
2017-05-28,The Chainsmokers,1693566
2017-05-29,Post Malone,1582200
2017-05-29,Drake,3407916
2017-05-29,Ed Sheeran,1053064
2017-05-29,The Chainsmokers,1728737
2017-06-01,Post Malone,1860193
2017-06-01,Drake,3607706
2017-06-01,Ed Sheeran,1120015
2017-06-01,The Chainsmokers,1670578
2017-06-03,Post Malone,1773279
2017-06-03,Drake,3468915
2017-06-03,Ed Sheeran,1055243
2017-06-03,The Chainsmokers,1581298
2017-06-04,Post Malone,1649289
2017-06-04,Drake,3175524
2017-06-04,Ed Sheeran,965737
2017-06-04,The Chainsmokers,1414612
2017-06-05,Post Malone,1716678
2017-06-05,Drake,3063116
2017-06-05,Ed Sheeran,1026058
2017-06-05,The Chainsmokers,1486286
2017-06-06,Post Malone,1809822
2017-06-06,Drake,3249061
2017-06-06,Ed Sheeran,1078742
2017-06-06,The Chainsmokers,1398385
2017-06-07,Post Malone,1919049
2017-06-07,Ed Sheeran,1388916
2017-06-07,Drake,3424528
2017-06-07,The Chainsmokers,1378052
2017-06-08,Post Malone,1964640
2017-06-08,Ed Sheeran,1356815
2017-06-08,Drake,3174674
2017-06-08,The Chainsmokers,1368123
2017-06-09,Post Malone,2012785
2017-06-09,Ed Sheeran,1418574
2017-06-09,Drake,3127424
2017-06-09,The Chainsmokers,1433181
2017-06-10,Post Malone,1882584
2017-06-10,Ed Sheeran,1071319
2017-06-10,Drake,3115883
2017-06-10,The Chainsmokers,1327628
2017-06-11,Post Malone,1787430
2017-06-11,Drake,2932121
2017-06-11,Ed Sheeran,992217
2017-06-11,The Chainsmokers,1214393
2017-06-12,Post Malone,1889863
2017-06-12,Ed Sheeran,1067253
2017-06-12,Drake,2827475
2017-06-12,The Chainsmokers,1301521
2017-06-13,Post Malone,1883469
2017-06-13,Ed Sheeran,1074139
2017-06-13,Drake,2817943
2017-06-13,The Chainsmokers,1315390
2017-06-14,Post Malone,1908385
2017-06-14,Ed Sheeran,1066913
2017-06-14,Drake,3039483
2017-06-14,The Chainsmokers,1300528
2017-06-15,Post Malone,1923745
2017-06-15,Ed Sheeran,1084131
2017-06-15,Drake,3055046
2017-06-15,The Chainsmokers,1326050
2017-06-16,Post Malone,2145969
2017-06-16,Ed Sheeran,1100310
2017-06-16,Drake,2721290
2017-06-16,The Chainsmokers,1356809
2017-06-17,Post Malone,2083385
2017-06-17,Ed Sheeran,1020180
2017-06-17,Drake,2761272
2017-06-17,The Chainsmokers,1244846
2017-06-18,Post Malone,1884255
2017-06-18,Ed Sheeran,925755
2017-06-18,Drake,2827114
2017-06-18,The Chainsmokers,1106237
2017-06-19,Post Malone,2037265
2017-06-19,Ed Sheeran,1030983
2017-06-19,Drake,2527307
2017-06-19,The Chainsmokers,1239814
2017-06-20,Post Malone,2062361
2017-06-20,Ed Sheeran,1045676
2017-06-20,Drake,2615804
2017-06-20,The Chainsmokers,1271784
2017-06-21,Post Malone,2019487
2017-06-21,Ed Sheeran,1035093
2017-06-21,Drake,2570626
2017-06-21,The Chainsmokers,1297098
2017-06-22,Post Malone,2018232
2017-06-22,Ed Sheeran,1030035
2017-06-22,Drake,2557516
2017-06-22,The Chainsmokers,1264056
2017-06-23,Post Malone,2041142
2017-06-23,Ed Sheeran,1036026
2017-06-23,Drake,2163366
2017-06-23,The Chainsmokers,1284059
2017-06-24,Post Malone,1945099
2017-06-24,Drake,3553496
2017-06-24,Ed Sheeran,974845
2017-06-24,The Chainsmokers,1211176
2017-06-25,Post Malone,1810669
2017-06-25,Drake,3289908
2017-06-25,Ed Sheeran,897659
2017-06-25,The Chainsmokers,1107907
2017-06-26,Drake,3234404
2017-06-26,Post Malone,1956267
2017-06-26,Ed Sheeran,993104
2017-06-26,The Chainsmokers,1216530
2017-06-27,Drake,3220591
2017-06-27,Post Malone,1975898
2017-06-27,Ed Sheeran,997887
2017-06-27,The Chainsmokers,1239486
2017-06-28,Post Malone,1949389
2017-06-28,Drake,3156190
2017-06-28,Ed Sheeran,989455
2017-06-28,The Chainsmokers,1254987
2017-06-29,Post Malone,1973890
2017-06-29,Drake,3150385
2017-06-29,Ed Sheeran,1001793
2017-06-29,The Chainsmokers,1225514
2017-06-30,Post Malone,2031391
2017-06-30,Drake,3175606
2017-06-30,Ed Sheeran,1044568
2017-06-30,The Chainsmokers,1287297
2017-07-01,Post Malone,1940006
2017-07-01,Drake,2768466
2017-07-01,Ed Sheeran,982400
2017-07-01,The Chainsmokers,1210802
2017-07-02,Post Malone,1756734
2017-07-02,Drake,2782125
2017-07-02,Ed Sheeran,885973
2017-07-02,The Chainsmokers,1088379
2017-07-03,Post Malone,1832263
2017-07-03,Drake,2742727
2017-07-03,Ed Sheeran,946084
2017-07-03,The Chainsmokers,1158809
2017-07-04,Post Malone,1750367
2017-07-04,Drake,2589425
2017-07-04,Ed Sheeran,845552
2017-07-04,The Chainsmokers,1389149
2017-07-05,Post Malone,1756111
2017-07-05,Drake,2482702
2017-07-05,Ed Sheeran,982060
2017-07-05,The Chainsmokers,1318742
2017-07-06,Post Malone,1856575
2017-07-06,Drake,2698752
2017-07-06,Ed Sheeran,987621
2017-07-06,The Chainsmokers,1217221
2017-07-07,Post Malone,1888461
2017-07-07,Drake,2584233
2017-07-07,Ed Sheeran,987246
2017-07-07,The Chainsmokers,1233444
2017-07-08,Post Malone,1810108
2017-07-08,Drake,2448722
2017-07-08,Ed Sheeran,921541
2017-07-08,The Chainsmokers,1142878
2017-07-09,Post Malone,1692194
2017-07-09,Drake,2252028
2017-07-09,Ed Sheeran,864100
2017-07-09,The Chainsmokers,1050653
2017-07-10,Post Malone,1774858
2017-07-10,Drake,2325383
2017-07-10,Ed Sheeran,954697
2017-07-10,The Chainsmokers,1139449
2017-07-11,Post Malone,1786566
2017-07-11,Drake,2352144
2017-07-11,Ed Sheeran,943406
2017-07-11,The Chainsmokers,1172113
2017-07-12,Post Malone,1780729
2017-07-12,Drake,2325693
2017-07-12,Ed Sheeran,950315
2017-07-12,The Chainsmokers,1183765
2017-07-13,Post Malone,1797890
2017-07-13,Drake,2311922
2017-07-13,Ed Sheeran,945464
2017-07-13,The Chainsmokers,1149980
2017-07-14,Post Malone,1681580
2017-07-14,Drake,2351919
2017-07-14,Ed Sheeran,959632
2017-07-14,The Chainsmokers,1169172
2017-07-15,Post Malone,1774730
2017-07-15,Drake,2268964
2017-07-15,Ed Sheeran,894102
2017-07-15,The Chainsmokers,1094671
2017-07-16,Post Malone,1634915
2017-07-16,Drake,2095372
2017-07-16,Ed Sheeran,812211
2017-07-16,The Chainsmokers,988496
2017-07-17,Post Malone,1577808
2017-07-17,Drake,2160347
2017-07-17,Ed Sheeran,1081123
2017-07-17,The Chainsmokers,1069564
2017-07-18,Post Malone,1600507
2017-07-18,Drake,2212411
2017-07-18,Ed Sheeran,1085313
2017-07-18,The Chainsmokers,1107653
2017-07-19,Post Malone,1589079
2017-07-19,Drake,2202955
2017-07-19,Ed Sheeran,1074285
2017-07-19,The Chainsmokers,1099400
2017-07-20,Post Malone,1581616
2017-07-20,Drake,2170136
2017-07-20,Ed Sheeran,1063593
2017-07-20,The Chainsmokers,1067598
2017-07-21,Post Malone,1613326
2017-07-21,Drake,2216258
2017-07-21,Ed Sheeran,733584
2017-07-21,The Chainsmokers,913454
2017-07-22,Post Malone,1535097
2017-07-22,Drake,2095964
2017-07-22,Ed Sheeran,678669
2017-07-22,The Chainsmokers,1030172
2017-07-23,Post Malone,1456418
2017-07-23,Drake,1934583
2017-07-23,Ed Sheeran,617658
2017-07-23,The Chainsmokers,935722
2017-07-24,Post Malone,1555320
2017-07-24,Drake,2016658
2017-07-24,Ed Sheeran,847514
2017-07-24,The Chainsmokers,1006212
2017-07-25,Post Malone,1595991
2017-07-25,Drake,2080430
2017-07-25,Ed Sheeran,697364
2017-07-25,The Chainsmokers,1051555
2017-07-26,Post Malone,1594482
2017-07-26,Drake,2076253
2017-07-26,Ed Sheeran,859522
2017-07-26,The Chainsmokers,1047449
2017-07-27,Post Malone,1585308
2017-07-27,Drake,2062407
2017-07-27,Ed Sheeran,865015
2017-07-27,The Chainsmokers,1028941
2017-07-28,Post Malone,1628985
2017-07-28,Drake,2120851
2017-07-28,Ed Sheeran,879396
2017-07-28,The Chainsmokers,1066917
2017-07-29,Post Malone,1561021
2017-07-29,Drake,2057312
2017-07-29,Ed Sheeran,828986
2017-07-29,The Chainsmokers,1006623
2017-07-30,Post Malone,1462350
2017-07-30,Drake,1907915
2017-07-30,Ed Sheeran,768796
2017-07-30,The Chainsmokers,924017
2017-07-31,Post Malone,1541120
2017-07-31,Drake,1950892
2017-07-31,Ed Sheeran,999004
2017-07-31,The Chainsmokers,1003078
2017-08-01,Post Malone,1551056
2017-08-01,Drake,1968114
2017-08-01,Ed Sheeran,993742
2017-08-01,The Chainsmokers,1014399
2017-08-02,Post Malone,1549685
2017-08-02,Drake,1900307
2017-08-02,Ed Sheeran,986985
2017-08-02,The Chainsmokers,990787
2017-08-03,Post Malone,1505843
2017-08-03,Drake,1860667
2017-08-03,Ed Sheeran,986988
2017-08-03,The Chainsmokers,987679
2017-08-04,Post Malone,1519982
2017-08-04,Drake,1884584
2017-08-04,Ed Sheeran,678639
2017-08-04,The Chainsmokers,1025458
2017-08-05,Post Malone,1458195
2017-08-05,Drake,1833754
2017-08-05,Ed Sheeran,641546
2017-08-05,The Chainsmokers,978303
2017-08-06,Post Malone,1360475
2017-08-06,Drake,1700359
2017-08-06,Ed Sheeran,732303
2017-08-06,The Chainsmokers,891928
2017-08-07,Post Malone,1407891
2017-08-07,Ed Sheeran,953345
2017-08-07,Drake,1714515
2017-08-07,The Chainsmokers,949290
2017-08-08,Post Malone,1443346
2017-08-08,Drake,1786406
2017-08-08,Ed Sheeran,959732
2017-08-08,The Chainsmokers,975577
2017-08-09,Post Malone,1462496
2017-08-09,Drake,1815730
2017-08-09,Ed Sheeran,966785
2017-08-09,The Chainsmokers,974133
2017-08-10,Post Malone,1463808
2017-08-10,Ed Sheeran,981110
2017-08-10,Drake,1800493
2017-08-10,The Chainsmokers,1006218
2017-08-11,Post Malone,1487561
2017-08-11,Ed Sheeran,668393
2017-08-11,Drake,1813444
2017-08-11,The Chainsmokers,1004238
2017-08-12,Post Malone,1418701
2017-08-12,Ed Sheeran,784730
2017-08-12,Drake,1751210
2017-08-12,The Chainsmokers,954299
2017-08-13,Post Malone,1345961
2017-08-13,Ed Sheeran,875170
2017-08-13,Drake,1653172
2017-08-13,The Chainsmokers,879343
2017-08-14,Post Malone,1394867
2017-08-14,Ed Sheeran,948748
2017-08-14,Drake,1662778
2017-08-14,The Chainsmokers,930612
2017-08-15,Post Malone,1416505
2017-08-15,Ed Sheeran,954058
2017-08-15,Drake,1701096
2017-08-15,The Chainsmokers,957810
2017-08-16,Post Malone,1415866
2017-08-16,Ed Sheeran,953374
2017-08-16,Drake,1699282
2017-08-16,The Chainsmokers,937829
2017-08-17,Post Malone,1428703
2017-08-17,Ed Sheeran,951663
2017-08-17,Drake,1701752
2017-08-17,The Chainsmokers,936977
2017-08-18,Post Malone,1479359
2017-08-18,Ed Sheeran,645036
2017-08-18,Drake,1719178
2017-08-18,The Chainsmokers,969168
2017-08-19,Post Malone,1436867
2017-08-19,Ed Sheeran,621734
2017-08-19,Drake,1655851
2017-08-19,The Chainsmokers,949848
2017-08-20,Post Malone,1356841
2017-08-20,Ed Sheeran,715872
2017-08-20,Drake,1545180
2017-08-20,The Chainsmokers,868471
2017-08-21,Post Malone,1362556
2017-08-21,Ed Sheeran,741150
2017-08-21,Drake,1503955
2017-08-21,The Chainsmokers,880604
2017-08-22,Post Malone,1436144
2017-08-22,Ed Sheeran,772802
2017-08-22,Drake,1585776
2017-08-22,The Chainsmokers,931540
2017-08-23,Post Malone,1430892
2017-08-23,Ed Sheeran,772830
2017-08-23,Drake,1580492
2017-08-23,The Chainsmokers,926344
2017-08-24,Post Malone,1475390
2017-08-24,Ed Sheeran,765467
2017-08-24,Drake,1615124
2017-08-24,The Chainsmokers,919987
2017-08-25,Post Malone,1519856
2017-08-25,Ed Sheeran,420398
2017-08-25,Drake,1605442
2017-08-25,The Chainsmokers,584257
2017-08-26,Post Malone,1496553
2017-08-26,Ed Sheeran,420329
2017-08-26,Drake,1608241
2017-08-26,The Chainsmokers,575669
2017-08-27,Post Malone,1329704
2017-08-27,Ed Sheeran,706035
2017-08-27,Drake,1407168
2017-08-27,The Chainsmokers,508422
2017-08-28,Post Malone,1442998
2017-08-28,Ed Sheeran,862912
2017-08-28,Drake,1465120
2017-08-28,The Chainsmokers,547817
2017-08-29,Post Malone,1464402
2017-08-29,Ed Sheeran,801627
2017-08-29,Drake,1533797
2017-08-29,The Chainsmokers,561431
2017-08-30,Post Malone,1483133
2017-08-30,Ed Sheeran,799723
2017-08-30,Drake,1571301
2017-08-30,The Chainsmokers,572078
2017-08-31,Post Malone,1496859
2017-08-31,Ed Sheeran,417783
2017-08-31,Drake,1599854
2017-08-31,The Chainsmokers,566436
2017-09-01,Post Malone,1566343
2017-09-01,Ed Sheeran,424969
2017-09-01,Drake,1650904
2017-09-01,The Chainsmokers,606384
2017-09-02,Post Malone,1430989
2017-09-02,Ed Sheeran,403745
2017-09-02,Drake,1551292
2017-09-02,The Chainsmokers,553681
2017-09-03,Post Malone,1340354
2017-09-03,Ed Sheeran,370746
2017-09-03,Drake,1453343
2017-09-03,The Chainsmokers,504614
2017-09-04,Post Malone,1380075
2017-09-04,Ed Sheeran,546981
2017-09-04,Drake,1455922
2017-09-04,The Chainsmokers,692617
2017-09-05,Post Malone,1392435
2017-09-05,Ed Sheeran,550337
2017-09-05,Drake,1453617
2017-09-05,The Chainsmokers,513268
2017-09-06,Post Malone,1401302
2017-09-06,Ed Sheeran,383342
2017-09-06,Drake,1466217
2017-09-06,The Chainsmokers,522466
2017-09-07,Post Malone,1436327
2017-09-07,Ed Sheeran,388462
2017-09-07,Drake,1498352
2017-09-07,The Chainsmokers,526993
2017-09-08,Post Malone,1467660
2017-09-08,Ed Sheeran,382449
2017-09-08,Drake,1528068
2017-09-08,The Chainsmokers,527194
2017-09-09,Post Malone,1379868
2017-09-09,Ed Sheeran,366650
2017-09-09,Drake,1468879
2017-09-09,The Chainsmokers,505159
2017-09-10,Post Malone,1272008
2017-09-10,Ed Sheeran,334844
2017-09-10,Drake,1334774
2017-09-10,The Chainsmokers,452438
2017-09-11,Post Malone,1331042
2017-09-11,Ed Sheeran,523933
2017-09-11,Drake,1359790
2017-09-11,The Chainsmokers,487561
2017-09-12,Post Malone,1395582
2017-09-12,Ed Sheeran,540941
2017-09-12,Drake,1441001
2017-09-12,The Chainsmokers,503663
2017-09-13,Post Malone,1432313
2017-09-13,Ed Sheeran,559630
2017-09-13,Drake,1471352
2017-09-13,The Chainsmokers,516583
2017-09-14,Post Malone,1490511
2017-09-14,Ed Sheeran,579123
2017-09-14,Drake,1519128
2017-09-14,The Chainsmokers,552054
2017-09-15,Post Malone,3366898
2017-09-15,Ed Sheeran,385462
2017-09-15,Drake,1522809
2017-09-15,The Chainsmokers,547597
2017-09-16,Post Malone,3381339
2017-09-16,Ed Sheeran,368863
2017-09-16,Drake,1431891
2017-09-16,The Chainsmokers,517926
2017-09-17,Post Malone,3540071
2017-09-17,Ed Sheeran,494953
2017-09-17,Drake,1285750
2017-09-17,The Chainsmokers,463142
2017-09-18,Post Malone,4559204
2017-09-18,Ed Sheeran,561927
2017-09-18,Drake,1347103
2017-09-18,The Chainsmokers,496466
2017-09-19,Post Malone,4723916
2017-09-19,Ed Sheeran,566390
2017-09-19,Drake,1392346
2017-09-19,The Chainsmokers,501055
2017-09-20,Post Malone,4778879
2017-09-20,Ed Sheeran,608782
2017-09-20,Drake,1417244
2017-09-20,The Chainsmokers,514978
2017-09-21,Post Malone,4828482
2017-09-21,Ed Sheeran,667903
2017-09-21,Drake,1428422
2017-09-21,The Chainsmokers,511146
2017-09-22,Post Malone,5011963
2017-09-22,Ed Sheeran,694000
2017-09-22,Drake,1460013
2017-09-22,The Chainsmokers,544270
2017-09-23,Post Malone,4570175
2017-09-23,Ed Sheeran,667227
2017-09-23,Drake,1393116
2017-09-23,The Chainsmokers,513256
2017-09-24,Post Malone,4223693
2017-09-24,Ed Sheeran,644417
2017-09-24,Drake,1273907
2017-09-24,The Chainsmokers,459290
2017-09-25,Post Malone,5097651
2017-09-25,Ed Sheeran,727957
2017-09-25,Drake,1314041
2017-09-25,The Chainsmokers,489847
2017-09-26,Post Malone,5717252
2017-09-26,Ed Sheeran,747735
2017-09-26,Drake,1528752
2017-09-26,The Chainsmokers,503627
2017-09-27,Post Malone,5908703
2017-09-27,Ed Sheeran,763007
2017-09-27,Drake,1388935
2017-09-27,The Chainsmokers,507264
2017-09-28,Post Malone,5887193
2017-09-28,Ed Sheeran,784482
2017-09-28,Drake,1410234
2017-09-28,The Chainsmokers,508308
2017-09-29,Post Malone,6037731
2017-09-29,Ed Sheeran,814077
2017-09-29,Drake,1435809
2017-09-29,The Chainsmokers,528243
2017-09-30,Post Malone,5392387
2017-09-30,Ed Sheeran,747376
2017-09-30,Drake,1560349
2017-09-30,The Chainsmokers,489296
2017-10-01,Post Malone,4862766
2017-10-01,Ed Sheeran,734426
2017-10-01,Drake,1411600
2017-10-01,The Chainsmokers,440288
2017-10-02,Post Malone,5454296
2017-10-02,Ed Sheeran,842071
2017-10-02,Drake,1460234
2017-10-02,The Chainsmokers,467805
2017-10-03,Post Malone,5569903
2017-10-03,Ed Sheeran,900781
2017-10-03,Drake,1326917
2017-10-03,The Chainsmokers,476260
2017-10-04,Post Malone,5621620
2017-10-04,Ed Sheeran,941990
2017-10-04,Drake,1542072
2017-10-04,The Chainsmokers,489374
2017-10-05,Post Malone,5689729
2017-10-05,Ed Sheeran,923561
2017-10-05,Drake,1557376
2017-10-05,The Chainsmokers,494655
2017-10-06,Post Malone,5940249
2017-10-06,Ed Sheeran,930472
2017-10-06,Drake,1392366
2017-10-06,The Chainsmokers,515888
2017-10-07,Post Malone,5544653
2017-10-07,Ed Sheeran,843834
2017-10-07,Drake,1492794
2017-10-07,The Chainsmokers,486583
2017-10-08,Post Malone,5090576
2017-10-08,Ed Sheeran,815082
2017-10-08,Drake,1340352
2017-10-08,The Chainsmokers,433705
2017-10-09,Post Malone,5657182
2017-10-09,Ed Sheeran,922808
2017-10-09,Drake,1391135
2017-10-09,The Chainsmokers,466990
2017-10-10,Post Malone,5737481
2017-10-10,Ed Sheeran,916223
2017-10-10,Drake,1417910
2017-10-10,The Chainsmokers,469589
2017-10-11,Post Malone,5779607
2017-10-11,Ed Sheeran,923365
2017-10-11,Drake,1404769
2017-10-11,The Chainsmokers,464387
2017-10-12,Post Malone,6181844
2017-10-12,Ed Sheeran,1154151
2017-10-12,Drake,1472326
2017-10-12,The Chainsmokers,464908
2017-10-13,Post Malone,6421339
2017-10-13,Ed Sheeran,932711
2017-10-13,Drake,1142776
2017-10-13,The Chainsmokers,483961
2017-10-14,Post Malone,6043792
2017-10-14,Ed Sheeran,909898
2017-10-14,Drake,1086451
2017-10-14,The Chainsmokers,454361
2017-10-14,Ozuna,170235
2017-10-15,Post Malone,5408778
2017-10-15,Ed Sheeran,817041
2017-10-15,Drake,1005636
2017-10-15,The Chainsmokers,415513
2017-10-15,Ozuna,153206
2017-10-16,Post Malone,6038012
2017-10-16,Ed Sheeran,942980
2017-10-16,Drake,1032843
2017-10-16,The Chainsmokers,441757
2017-10-17,Post Malone,6268494
2017-10-17,Ed Sheeran,983401
2017-10-17,Drake,1235516
2017-10-17,The Chainsmokers,451414
2017-10-18,Post Malone,6366954
2017-10-18,Ed Sheeran,1006172
2017-10-18,Drake,1222841
2017-10-18,The Chainsmokers,462294
2017-10-18,Ozuna,174572
2017-10-19,Post Malone,6541009
2017-10-19,Ed Sheeran,994408
2017-10-19,Drake,1264220
2017-10-19,The Chainsmokers,463344
2017-10-19,Ozuna,175067
2017-10-20,Post Malone,6672496
2017-10-20,Ed Sheeran,1007141
2017-10-20,Drake,922238
2017-10-20,The Chainsmokers,478036
2017-10-21,Post Malone,6013682
2017-10-21,Ed Sheeran,884547
2017-10-21,Drake,906503
2017-10-21,The Chainsmokers,446472
2017-10-21,Ozuna,183561
2017-10-22,Post Malone,5382538
2017-10-22,Ed Sheeran,831593
2017-10-22,Drake,991592
2017-10-22,The Chainsmokers,400700
2017-10-22,Ozuna,162087
2017-10-23,Post Malone,5995504
2017-10-23,Ed Sheeran,978914
2017-10-23,Drake,838598
2017-10-23,The Chainsmokers,426020
2017-10-24,Post Malone,6196483
2017-10-24,Ed Sheeran,1006142
2017-10-24,Drake,1085529
2017-10-24,The Chainsmokers,438551
2017-10-24,Ozuna,179989
2017-10-25,Post Malone,6360720
2017-10-25,Ed Sheeran,1022941
2017-10-25,Drake,1117667
2017-10-25,The Chainsmokers,454171
2017-10-25,Ozuna,186647
2017-10-26,Post Malone,6406998
2017-10-26,Ed Sheeran,1016179
2017-10-26,Drake,1095837
2017-10-26,The Chainsmokers,447454
2017-10-26,Ozuna,181433
2017-10-27,Post Malone,6510785
2017-10-27,Ed Sheeran,1008663
2017-10-27,Drake,1143157
2017-10-27,The Chainsmokers,461019
2017-10-27,Ozuna,193787
2017-10-28,Post Malone,5773394
2017-10-28,Ed Sheeran,892541
2017-10-28,Drake,1079611
2017-10-28,The Chainsmokers,425403
2017-10-28,Ozuna,179235
2017-10-29,Post Malone,5227570
2017-10-29,Ed Sheeran,832472
2017-10-29,Drake,1011663
2017-10-29,The Chainsmokers,383701
2017-10-29,Ozuna,158425
2017-10-30,Post Malone,5680226
2017-10-30,Ed Sheeran,960809
2017-10-30,Drake,965458
2017-10-30,The Chainsmokers,403953
2017-10-30,Ozuna,169368
2017-10-31,Post Malone,5683306
2017-10-31,Ed Sheeran,953523
2017-10-31,Drake,961533
2017-10-31,The Chainsmokers,407365
2017-11-01,Post Malone,5446826
2017-11-01,Ed Sheeran,937318
2017-11-01,Drake,841889
2017-11-01,The Chainsmokers,411494
2017-11-01,Ozuna,175439
2017-11-02,Post Malone,5946058
2017-11-02,Ed Sheeran,982289
2017-11-02,Drake,829968
2017-11-02,The Chainsmokers,427638
2017-11-02,Ozuna,181112
2017-11-03,Post Malone,6025373
2017-11-03,Ed Sheeran,1005662
2017-11-03,Drake,674687
2017-11-03,The Chainsmokers,447740
2017-11-04,Post Malone,5487119
2017-11-04,Ed Sheeran,914937
2017-11-04,Drake,821185
2017-11-04,The Chainsmokers,417232
2017-11-04,Ozuna,185494
2017-11-05,Post Malone,4951113
2017-11-05,Ed Sheeran,858871
2017-11-05,Drake,763178
2017-11-05,The Chainsmokers,376669
2017-11-05,Ozuna,164511
2017-11-06,Post Malone,5463516
2017-11-06,Ed Sheeran,989267
2017-11-06,Drake,615591
2017-11-06,The Chainsmokers,406289
2017-11-07,Post Malone,5678288
2017-11-07,Ed Sheeran,1050734
2017-11-07,Drake,644868
2017-11-07,The Chainsmokers,425400
2017-11-07,Ozuna,191293
2017-11-08,Post Malone,5653355
2017-11-08,Ed Sheeran,1034415
2017-11-08,Drake,649540
2017-11-08,The Chainsmokers,429066
2017-11-08,Ozuna,190574
2017-11-09,Post Malone,5697428
2017-11-09,Ed Sheeran,1029050
2017-11-09,Drake,854783
2017-11-09,The Chainsmokers,432504
2017-11-10,Post Malone,5805531
2017-11-10,Ed Sheeran,1061732
2017-11-10,Drake,864550
2017-11-10,The Chainsmokers,445263
2017-11-11,Post Malone,5420182
2017-11-11,Ed Sheeran,971309
2017-11-11,Drake,818492
2017-11-11,The Chainsmokers,412047
2017-11-12,Post Malone,5050139
2017-11-12,Ed Sheeran,914115
2017-11-12,Drake,759986
2017-11-12,The Chainsmokers,374381
2017-11-13,Post Malone,5517901
2017-11-13,Ed Sheeran,1030937
2017-11-13,Drake,776078
2017-11-13,The Chainsmokers,396333
2017-11-14,Post Malone,5577482
2017-11-14,Ed Sheeran,1082299
2017-11-14,Drake,809657
2017-11-14,The Chainsmokers,419938
2017-11-15,Post Malone,5597478
2017-11-15,Ed Sheeran,1097086
2017-11-15,Drake,825481
2017-11-15,The Chainsmokers,425633
2017-11-15,Ozuna,212235
2017-11-16,Post Malone,5631052
2017-11-16,Ed Sheeran,1090273
2017-11-16,Drake,843598
2017-11-16,The Chainsmokers,424862
2017-11-16,Ozuna,199270
2017-11-17,Post Malone,5817293
2017-11-17,Ed Sheeran,1100303
2017-11-17,Drake,864354
2017-11-17,The Chainsmokers,440517
2017-11-17,Ozuna,219272
2017-11-18,Post Malone,5533892
2017-11-18,Ed Sheeran,1019535
2017-11-18,Drake,845022
2017-11-18,Ozuna,213704
2017-11-18,The Chainsmokers,422797
2017-11-19,Post Malone,4976723
2017-11-19,Ed Sheeran,953067
2017-11-19,Drake,789549
2017-11-19,The Chainsmokers,385719
2017-11-19,Ozuna,189647
2017-11-20,Post Malone,5450093
2017-11-20,Ed Sheeran,1084772
2017-11-20,Drake,845912
2017-11-20,The Chainsmokers,443474
2017-11-20,Ozuna,194836
2017-11-21,Post Malone,5841326
2017-11-21,Ed Sheeran,1122344
2017-11-21,Drake,850446
2017-11-21,The Chainsmokers,443931
2017-11-21,Ozuna,216200
2017-11-22,Post Malone,5981340
2017-11-22,Ed Sheeran,1142711
2017-11-22,Drake,882412
2017-11-22,The Chainsmokers,461575
2017-11-22,Ozuna,225133
2017-11-23,Post Malone,5169964
2017-11-23,Ed Sheeran,1052708
2017-11-23,Drake,788499
2017-11-23,Ozuna,221854
2017-11-23,The Chainsmokers,388038
2017-11-24,Post Malone,4688136
2017-11-24,Ed Sheeran,867296
2017-11-24,Drake,692505
2017-11-24,Ozuna,181272
2017-11-24,The Chainsmokers,341328
2017-11-25,Post Malone,4889947
2017-11-25,Ed Sheeran,905899
2017-11-25,Drake,739566
2017-11-25,Ozuna,194633
2017-11-25,The Chainsmokers,362543
2017-11-26,Post Malone,4930021
2017-11-26,Ed Sheeran,936314
2017-11-26,Drake,748179
2017-11-26,The Chainsmokers,366602
2017-11-26,Ozuna,182727
2017-11-27,Post Malone,5296395
2017-11-27,Ed Sheeran,1041862
2017-11-27,Drake,596124
2017-11-27,Ozuna,196346
2017-11-27,The Chainsmokers,380584
2017-11-28,Post Malone,5437244
2017-11-28,Ed Sheeran,1078208
2017-11-28,Drake,605134
2017-11-28,Ozuna,203698
2017-11-28,The Chainsmokers,393025
2017-11-29,Post Malone,5442555
2017-11-29,Ed Sheeran,1071765
2017-11-29,Drake,622344
2017-11-29,Ozuna,203936
2017-11-29,The Chainsmokers,402198
2017-11-30,Post Malone,5462433
2017-11-30,Ed Sheeran,1109914
2017-11-30,Drake,824293
2017-11-30,The Chainsmokers,415716
2017-11-30,Ozuna,203170
2017-12-01,Post Malone,5843960
2017-12-01,Ed Sheeran,2388204
2017-12-01,Drake,449209
2017-12-01,Ozuna,213303
2017-12-01,The Chainsmokers,210002
2017-12-02,Post Malone,5423148
2017-12-02,Ed Sheeran,1924942
2017-12-02,Drake,437939
2017-12-02,Ozuna,209543
2017-12-02,The Chainsmokers,198560
2017-12-03,Post Malone,4931662
2017-12-03,Ed Sheeran,1753411
2017-12-03,Drake,408291
2017-12-03,Ozuna,187000
2017-12-04,Post Malone,5277719
2017-12-04,Ed Sheeran,1934769
2017-12-04,Drake,230139
2017-12-04,Ozuna,194708
2017-12-05,Post Malone,5362368
2017-12-05,Ed Sheeran,1932348
2017-12-05,Drake,451934
2017-12-05,The Chainsmokers,411241
2017-12-06,Post Malone,5303278
2017-12-06,Ed Sheeran,1912201
2017-12-06,Drake,703329
2017-12-06,The Chainsmokers,463982
2017-12-07,Post Malone,5371524
2017-12-07,Ed Sheeran,1893888
2017-12-07,Drake,993231
2017-12-07,The Chainsmokers,506167
2017-12-08,Post Malone,5317825
2017-12-08,Ed Sheeran,1827469
2017-12-08,Drake,745097
2017-12-08,The Chainsmokers,492755
2017-12-09,Post Malone,4956969
2017-12-09,Ed Sheeran,1590917
2017-12-09,Drake,689021
2017-12-09,The Chainsmokers,449483
2017-12-10,Post Malone,4646344
2017-12-10,Ed Sheeran,1503110
2017-12-10,Drake,649776
2017-12-10,The Chainsmokers,407572
2017-12-11,Post Malone,4944044
2017-12-11,Ed Sheeran,1631637
2017-12-11,Drake,470046
2017-12-11,The Chainsmokers,431539
2017-12-12,Post Malone,5183991
2017-12-12,Ed Sheeran,1722995
2017-12-12,Drake,482251
2017-12-12,The Chainsmokers,449731
2017-12-13,Post Malone,5158360
2017-12-13,Ed Sheeran,1680266
2017-12-13,Drake,686018
2017-12-13,The Chainsmokers,451224
2017-12-14,Post Malone,5204360
2017-12-14,Ed Sheeran,1671693
2017-12-14,Drake,695611
2017-12-14,The Chainsmokers,453768
2017-12-14,Ozuna,200669
2017-12-15,Post Malone,5181079
2017-12-15,Ed Sheeran,1659992
2017-12-15,Drake,479340
2017-12-15,The Chainsmokers,448567
2017-12-16,Post Malone,4958533
2017-12-16,Ed Sheeran,1552722
2017-12-16,Drake,467623
2017-12-16,The Chainsmokers,430578
2017-12-17,Post Malone,4481612
2017-12-17,Ed Sheeran,1410125
2017-12-17,Drake,438651
2017-12-17,The Chainsmokers,391655
2017-12-18,Post Malone,4847739
2017-12-18,Ed Sheeran,1532699
2017-12-18,Drake,431313
2017-12-18,The Chainsmokers,402266
2017-12-19,Post Malone,5064620
2017-12-19,Ed Sheeran,1571552
2017-12-19,Drake,447537
2017-12-19,The Chainsmokers,423799
2017-12-20,Post Malone,5034103
2017-12-20,Ed Sheeran,1569617
2017-12-20,Drake,451768
2017-12-20,The Chainsmokers,429773
2017-12-21,Post Malone,4980070
2017-12-21,Ed Sheeran,1533113
2017-12-21,Drake,451781
2017-12-21,The Chainsmokers,431184
2017-12-22,Post Malone,4857247
2017-12-22,Ed Sheeran,1473445
2017-12-22,Drake,236896
2017-12-22,The Chainsmokers,214459
2017-12-23,Post Malone,4415246
2017-12-23,Ed Sheeran,1353720
2017-12-23,Drake,227655
2017-12-23,Ozuna,226617
2017-12-24,Post Malone,4079774
2017-12-24,Ed Sheeran,1222253
2017-12-24,Drake,219424
2017-12-25,Post Malone,3391783
2017-12-25,Ed Sheeran,1011598
2017-12-26,Post Malone,4175448
2017-12-26,Ed Sheeran,1454382
2017-12-26,Drake,578787
2017-12-26,The Chainsmokers,409536
2017-12-26,Ozuna,375142
2017-12-27,Post Malone,4530189
2017-12-27,Ed Sheeran,1837502
2017-12-27,The Chainsmokers,495211
2017-12-27,Drake,844599
2017-12-27,Ozuna,423581
2017-12-28,Post Malone,4574720
2017-12-28,Ed Sheeran,1646849
2017-12-28,The Chainsmokers,479701
2017-12-28,Drake,866089
2017-12-28,Ozuna,423218
2017-12-29,Post Malone,4572778
2017-12-29,Ed Sheeran,1626386
2017-12-29,Drake,843217
2017-12-29,The Chainsmokers,466232
2017-12-29,Ozuna,430774
2017-12-30,Post Malone,4470530
2017-12-30,Ed Sheeran,1551097
2017-12-30,Drake,876530
2017-12-30,The Chainsmokers,468476
2017-12-30,Ozuna,420414
2017-12-31,Post Malone,4557903
2017-12-31,Ed Sheeran,1629944
2017-12-31,The Chainsmokers,801938
2017-12-31,Drake,998531
2017-12-31,Ozuna,412553
2018-01-01,Post Malone,4268109
2018-01-01,Ed Sheeran,1358036
2018-01-01,Drake,1074844
2018-01-01,The Chainsmokers,894090
2018-01-01,Ozuna,379529
2018-01-02,Post Malone,4274223
2018-01-02,Ed Sheeran,1543289
2018-01-02,The Chainsmokers,478560
2018-01-02,Drake,827523
2018-01-02,Ozuna,379156
2018-01-03,Post Malone,4529878
2018-01-03,Ed Sheeran,1436297
2018-01-03,The Chainsmokers,492554
2018-01-03,Drake,874663
2018-01-03,Ozuna,419610
2018-01-04,Post Malone,4460586
2018-01-04,Ed Sheeran,1390577
2018-01-04,Drake,822778
2018-01-04,The Chainsmokers,451223
2018-01-04,Ozuna,406103
2018-01-05,Post Malone,4617586
2018-01-05,Ed Sheeran,1406994
2018-01-05,Drake,844028
2018-01-05,Ozuna,440423
2018-01-05,The Chainsmokers,453478
2018-01-06,Post Malone,4440895
2018-01-06,Ed Sheeran,1312894
2018-01-06,Drake,832511
2018-01-06,Ozuna,427484
2018-01-06,The Chainsmokers,438755
2018-01-07,Post Malone,4158482
2018-01-07,Ed Sheeran,1234131
2018-01-07,Drake,780934
2018-01-07,Ozuna,383081
2018-01-07,The Chainsmokers,402479
2018-01-08,Post Malone,4412937
2018-01-08,Ed Sheeran,1351331
2018-01-08,Ozuna,440637
2018-01-08,Drake,788721
2018-01-08,The Chainsmokers,411712
2018-01-09,Post Malone,9074440
2018-01-09,Ed Sheeran,2734018
2018-01-09,Ozuna,922700
2018-01-09,Drake,1611316
2018-01-09,The Chainsmokers,859944
2018-01-10,Post Malone,4619874
2018-01-10,Ed Sheeran,1375226
2018-01-10,Ozuna,471166
2018-01-10,Drake,849279
2018-01-10,The Chainsmokers,439233
2018-01-11,Post Malone,4653369
2018-01-11,Ed Sheeran,1366639
2018-01-11,Ozuna,474268
2018-01-11,Drake,870758
2018-01-11,The Chainsmokers,447004
2018-01-12,Post Malone,4646343
2018-01-12,Ed Sheeran,1361822
2018-01-12,Ozuna,477594
2018-01-12,Drake,876025
2018-01-12,The Chainsmokers,446145
2018-01-13,Post Malone,4328722
2018-01-13,Ed Sheeran,1272291
2018-01-13,Ozuna,451691
2018-01-13,Drake,850320
2018-01-13,The Chainsmokers,428381
2018-01-14,Post Malone,3957782
2018-01-14,Ed Sheeran,1165297
2018-01-14,Drake,794788
2018-01-14,Ozuna,398310
2018-01-14,The Chainsmokers,383117
2018-01-15,Post Malone,4067813
2018-01-15,Ed Sheeran,1261500
2018-01-15,Drake,616585
2018-01-15,The Chainsmokers,405971
2018-01-15,Ozuna,189434
2018-01-16,Post Malone,4199186
2018-01-16,Ed Sheeran,1265412
2018-01-16,Drake,438278
2018-01-16,The Chainsmokers,403780
2018-01-16,Ozuna,194459
2018-01-17,Post Malone,4238959
2018-01-17,Ed Sheeran,1271050
2018-01-17,Drake,449236
2018-01-17,The Chainsmokers,442009
2018-01-17,Ozuna,191142
2018-01-18,Post Malone,4369453
2018-01-18,Ed Sheeran,1283341
2018-01-18,The Chainsmokers,860237
2018-01-18,Drake,652742
2018-01-18,Ozuna,202350
2018-01-19,Post Malone,4537076
2018-01-19,The Chainsmokers,1269649
2018-01-19,Ed Sheeran,1301218
2018-01-19,Drake,461825
2018-01-19,Ozuna,212181
2018-01-20,Drake,4882692
2018-01-20,Post Malone,4281674
2018-01-20,The Chainsmokers,1065760
2018-01-20,Ed Sheeran,1245568
2018-01-20,Ozuna,203716
2018-01-21,Drake,5741289
2018-01-21,Post Malone,3865726
2018-01-21,The Chainsmokers,910567
2018-01-21,Ed Sheeran,1146737
2018-01-21,Ozuna,183938
2018-01-22,Drake,6782810
2018-01-22,Post Malone,4049342
2018-01-22,The Chainsmokers,985932
2018-01-22,Ed Sheeran,1248129
2018-01-22,Ozuna,195544
2018-01-23,Drake,6547965
2018-01-23,Post Malone,4139825
2018-01-23,The Chainsmokers,1048508
2018-01-23,Ed Sheeran,1271134
2018-01-23,Ozuna,192471
2018-01-24,Drake,6963737
2018-01-24,Post Malone,4199775
2018-01-24,The Chainsmokers,1059422
2018-01-24,Ed Sheeran,1273946
2018-01-25,Drake,6914538
2018-01-25,Post Malone,4263970
2018-01-25,The Chainsmokers,1076587
2018-01-25,Ed Sheeran,1238172
2018-01-26,Drake,6724177
2018-01-26,Post Malone,4162992
2018-01-26,The Chainsmokers,1051628
2018-01-26,Ed Sheeran,1220564
2018-01-27,Drake,5852695
2018-01-27,Post Malone,3910554
2018-01-27,The Chainsmokers,966461
2018-01-27,Ed Sheeran,1126608
2018-01-28,Drake,5117377
2018-01-28,Post Malone,3585419
2018-01-28,The Chainsmokers,898802
2018-01-28,Ed Sheeran,1052815
2018-01-29,Drake,5358459
2018-01-29,Post Malone,3675897
2018-01-29,The Chainsmokers,950172
2018-01-29,Ed Sheeran,1185696
2018-01-30,Drake,5502092
2018-01-30,Post Malone,3877317
2018-01-30,The Chainsmokers,1009176
2018-01-30,Ed Sheeran,1178626
2018-01-31,Drake,5352348
2018-01-31,Post Malone,3945431
2018-01-31,The Chainsmokers,1008318
2018-01-31,Ed Sheeran,1160026
2018-02-01,Drake,5204418
2018-02-01,Post Malone,4190227
2018-02-01,The Chainsmokers,972669
2018-02-01,Ed Sheeran,1144815
2018-02-02,Drake,5271220
2018-02-02,Post Malone,4062059
2018-02-02,Ed Sheeran,1140540
2018-02-02,The Chainsmokers,733431
2018-02-03,Drake,4926003
2018-02-03,Post Malone,3855079
2018-02-03,Ed Sheeran,1063160
2018-02-03,The Chainsmokers,889203
2018-02-03,Ozuna,193735
2018-02-04,Drake,4473037
2018-02-04,Post Malone,3603705
2018-02-04,Ed Sheeran,979933
2018-02-04,The Chainsmokers,822656
2018-02-04,Ozuna,172919
2018-02-05,Drake,4202073
2018-02-05,Post Malone,3413252
2018-02-05,Ed Sheeran,978608
2018-02-05,The Chainsmokers,795405
2018-02-05,Ozuna,181223
2018-02-06,Drake,4839537
2018-02-06,Post Malone,3796164
2018-02-06,The Chainsmokers,921194
2018-02-06,Ed Sheeran,1083730
2018-02-06,Ozuna,199253
2018-02-07,Drake,4735749
2018-02-07,Post Malone,3772562
2018-02-07,The Chainsmokers,965230
2018-02-07,Ed Sheeran,1070344
2018-02-07,Ozuna,193277
2018-02-08,Drake,4720331
2018-02-08,Post Malone,3789417
2018-02-08,The Chainsmokers,939542
2018-02-08,Ed Sheeran,1058116
2018-02-08,Ozuna,196988
2018-02-09,Drake,4784391
2018-02-09,Post Malone,3832757
2018-02-09,Ed Sheeran,1078678
2018-02-09,The Chainsmokers,893767
2018-02-09,Ozuna,202749
2018-02-10,Drake,4509902
2018-02-10,Post Malone,3578086
2018-02-10,Ed Sheeran,1006464
2018-02-10,The Chainsmokers,812618
2018-02-10,Ozuna,194503
2018-02-11,Drake,4037595
2018-02-11,Post Malone,3256910
2018-02-11,Ed Sheeran,927336
2018-02-11,The Chainsmokers,742275
2018-02-11,Ozuna,172383
2018-02-12,Drake,4244163
2018-02-12,Post Malone,3457113
2018-02-12,Ed Sheeran,1013297
2018-02-12,The Chainsmokers,828694
2018-02-13,Drake,4274886
2018-02-13,Post Malone,3567195
2018-02-13,Ed Sheeran,1047667
2018-02-13,The Chainsmokers,836721
2018-02-14,Drake,4246639
2018-02-14,Post Malone,3588030
2018-02-14,Ed Sheeran,1741410
2018-02-14,The Chainsmokers,624504
2018-02-15,Drake,4223583
2018-02-15,Post Malone,3620130
2018-02-15,Ed Sheeran,1383326
2018-02-15,The Chainsmokers,817441
2018-02-16,Drake,4568324
2018-02-16,Post Malone,3756844
2018-02-16,The Chainsmokers,1486732
2018-02-16,Ed Sheeran,1101021
2018-02-17,Drake,4685284
2018-02-17,Post Malone,3429570
2018-02-17,Ed Sheeran,992315
2018-02-17,The Chainsmokers,1266268
2018-02-17,Ozuna,192860
2018-02-18,Drake,4346598
2018-02-18,Post Malone,3138858
2018-02-18,Ed Sheeran,910086
2018-02-18,The Chainsmokers,1099720
2018-02-18,Ozuna,172381
2018-02-19,Drake,4410667
2018-02-19,Post Malone,3190103
2018-02-19,Ed Sheeran,960830
2018-02-19,The Chainsmokers,1196920
2018-02-20,Drake,4624310
2018-02-20,Post Malone,3387155
2018-02-20,Ed Sheeran,970860
2018-02-20,The Chainsmokers,1249669
2018-02-21,Drake,4606286
2018-02-21,Post Malone,3737820
2018-02-21,Ed Sheeran,970641
2018-02-21,The Chainsmokers,1263842
2018-02-22,Drake,4473906
2018-02-22,Post Malone,3746938
2018-02-22,Ed Sheeran,965656
2018-02-22,The Chainsmokers,1199865
2018-02-23,Drake,4657021
2018-02-23,Post Malone,7098026
2018-02-23,Ed Sheeran,989144
2018-02-23,The Chainsmokers,987516
2018-02-24,Drake,4549775
2018-02-24,Post Malone,7146391
2018-02-24,Ed Sheeran,921227
2018-02-24,The Chainsmokers,1082379
2018-02-24,Ozuna,190586
2018-02-25,Drake,4123806
2018-02-25,Post Malone,6486489
2018-02-25,Ed Sheeran,843015
2018-02-25,The Chainsmokers,1023320
2018-02-26,Post Malone,7391527
2018-02-26,Drake,4272025
2018-02-26,Ed Sheeran,907512
2018-02-26,The Chainsmokers,1102267
2018-02-27,Drake,4429988
2018-02-27,Post Malone,7207747
2018-02-27,Ed Sheeran,926183
2018-02-27,The Chainsmokers,1169614
2018-02-28,Drake,4387997
2018-02-28,Post Malone,7259104
2018-02-28,Ed Sheeran,931057
2018-02-28,The Chainsmokers,975689
2018-03-01,Drake,4387210
2018-03-01,Post Malone,7129936
2018-03-01,Ed Sheeran,929051
2018-03-01,The Chainsmokers,1157611
2018-03-02,Drake,4200197
2018-03-02,Post Malone,6782355
2018-03-02,Ed Sheeran,738550
2018-03-02,The Chainsmokers,910843
2018-03-03,Drake,4308487
2018-03-03,Post Malone,6167314
2018-03-03,Ed Sheeran,717129
2018-03-03,The Chainsmokers,1036834
2018-03-04,Drake,3726982
2018-03-04,Post Malone,5560336
2018-03-04,Ed Sheeran,827725
2018-03-04,The Chainsmokers,797942
2018-03-05,Drake,3471842
2018-03-05,Post Malone,5886109
2018-03-05,Ed Sheeran,680263
2018-03-05,The Chainsmokers,1034540
2018-03-06,Drake,3528685
2018-03-06,Post Malone,5986444
2018-03-06,Ed Sheeran,688515
2018-03-06,The Chainsmokers,915970
2018-03-07,Drake,3571942
2018-03-07,Post Malone,5805870
2018-03-07,The Chainsmokers,914102
2018-03-07,Ed Sheeran,681574
2018-03-08,Drake,3579209
2018-03-08,Post Malone,5815177
2018-03-08,The Chainsmokers,937896
2018-03-08,Ed Sheeran,678555
2018-03-09,Drake,3526668
2018-03-09,Post Malone,5673655
2018-03-09,Ed Sheeran,702764
2018-03-09,The Chainsmokers,894356
2018-03-10,Drake,3725857
2018-03-10,Post Malone,5344167
2018-03-10,Ed Sheeran,676572
2018-03-10,The Chainsmokers,792052
2018-03-11,Drake,3259669
2018-03-11,Post Malone,5125945
2018-03-11,Ed Sheeran,623056
2018-03-11,The Chainsmokers,770740
2018-03-12,Drake,3189891
2018-03-12,Post Malone,5330489
2018-03-12,Ed Sheeran,657896
2018-03-12,The Chainsmokers,959976
2018-03-13,Drake,3144924
2018-03-13,Post Malone,5295397
2018-03-13,Ed Sheeran,654791
2018-03-13,The Chainsmokers,756371
2018-03-14,Drake,3103044
2018-03-14,Post Malone,5051365
2018-03-14,Ed Sheeran,656326
2018-03-14,The Chainsmokers,759022
2018-03-15,Drake,3134892
2018-03-15,Post Malone,5139585
2018-03-15,Ed Sheeran,653163
2018-03-15,The Chainsmokers,750118
2018-03-16,Drake,3082159
2018-03-16,Post Malone,5307268
2018-03-16,The Chainsmokers,1224311
2018-03-16,Ed Sheeran,672191
2018-03-17,Drake,3238162
2018-03-17,Post Malone,4897005
2018-03-17,The Chainsmokers,889182
2018-03-17,Ed Sheeran,919214
2018-03-18,Drake,2916088
2018-03-18,Post Malone,4487015
2018-03-18,The Chainsmokers,794329
2018-03-18,Ed Sheeran,600304
2018-03-19,Drake,2752641
2018-03-19,Post Malone,4810280
2018-03-19,The Chainsmokers,659607
2018-03-19,Ed Sheeran,635248
2018-03-20,Drake,2834068
2018-03-20,Post Malone,4887250
2018-03-20,The Chainsmokers,874374
2018-03-20,Ed Sheeran,640884
2018-03-21,Drake,2740624
2018-03-21,Post Malone,4765039
2018-03-21,The Chainsmokers,654240
2018-03-21,Ed Sheeran,632279
2018-03-22,Drake,2764085
2018-03-22,Post Malone,4825933
2018-03-22,The Chainsmokers,824008
2018-03-22,Ed Sheeran,637539
2018-03-23,Drake,2954579
2018-03-23,Post Malone,5028613
2018-03-23,The Chainsmokers,616523
2018-03-23,Ed Sheeran,644584
2018-03-24,Drake,3068437
2018-03-24,Post Malone,4730977
2018-03-24,Ed Sheeran,608945
2018-03-24,The Chainsmokers,529106
2018-03-25,Drake,2747053
2018-03-25,Post Malone,4333377
2018-03-25,Ed Sheeran,564001
2018-03-25,The Chainsmokers,463647
2018-03-26,Drake,2781746
2018-03-26,Post Malone,4665049
2018-03-26,Ed Sheeran,612514
2018-03-26,The Chainsmokers,522746
2018-03-27,Drake,2789648
2018-03-27,Post Malone,4689372
2018-03-27,Ed Sheeran,616878
2018-03-27,The Chainsmokers,499516
2018-03-28,Drake,2794148
2018-03-28,Post Malone,4703697
2018-03-28,Ed Sheeran,621371
2018-03-28,The Chainsmokers,513425
2018-03-29,Drake,2847867
2018-03-29,Post Malone,4775870
2018-03-29,Ed Sheeran,627365
2018-03-29,The Chainsmokers,517952
2018-03-30,Drake,2775613
2018-03-30,Post Malone,4778728
2018-03-30,Ed Sheeran,631334
2018-03-30,The Chainsmokers,509072
2018-03-31,Drake,2800332
2018-03-31,Post Malone,4390766
2018-03-31,Ed Sheeran,582644
2018-03-31,The Chainsmokers,441351
2018-04-01,Drake,2435364
2018-04-01,Post Malone,3843473
2018-04-01,Ed Sheeran,526641
2018-04-01,The Chainsmokers,377845
2018-04-02,Drake,2384635
2018-04-02,Post Malone,4283298
2018-04-02,Ed Sheeran,586790
2018-04-02,The Chainsmokers,446447
2018-04-03,Drake,2389563
2018-04-03,Post Malone,4303715
2018-04-03,Ed Sheeran,586459
2018-04-03,The Chainsmokers,462720
2018-04-04,Drake,2400301
2018-04-04,Post Malone,4381662
2018-04-04,Ed Sheeran,586718
2018-04-04,The Chainsmokers,473987
2018-04-05,Drake,2390552
2018-04-05,Post Malone,4495057
2018-04-05,Ed Sheeran,589672
2018-04-05,The Chainsmokers,464912
2018-04-06,Drake,2473017
2018-04-06,Post Malone,4583352
2018-04-06,Ed Sheeran,598329
2018-04-06,The Chainsmokers,462439
2018-04-07,Drake,5075158
2018-04-07,Post Malone,4267261
2018-04-07,Ed Sheeran,561456
2018-04-07,The Chainsmokers,405831
2018-04-08,Drake,4990314
2018-04-08,Post Malone,3914997
2018-04-08,Ed Sheeran,523957
2018-04-08,The Chainsmokers,372784
2018-04-09,Drake,5498818
2018-04-09,Post Malone,4202671
2018-04-09,Ed Sheeran,567661
2018-04-09,The Chainsmokers,235150
2018-04-10,Drake,5637956
2018-04-10,Post Malone,4200414
2018-04-10,Ed Sheeran,562285
2018-04-10,The Chainsmokers,234467
2018-04-11,Drake,5736384
2018-04-11,Post Malone,4297433
2018-04-11,Ed Sheeran,569728
2018-04-11,The Chainsmokers,237233
2018-04-12,Drake,5690839
2018-04-12,Post Malone,4366666
2018-04-12,Ed Sheeran,572865
2018-04-12,The Chainsmokers,226329
2018-04-13,Drake,5961284
2018-04-13,Post Malone,4485295
2018-04-13,Ed Sheeran,587201
2018-04-13,The Chainsmokers,237024
2018-04-14,Drake,5442088
2018-04-14,Post Malone,4152700
2018-04-14,Ed Sheeran,551585
2018-04-14,The Chainsmokers,424246
2018-04-15,Drake,4573223
2018-04-15,Post Malone,3759300
2018-04-15,Ed Sheeran,502940
2018-04-15,The Chainsmokers,374807
2018-04-16,Drake,4954496
2018-04-16,Post Malone,4161820
2018-04-16,Ed Sheeran,543170
2018-04-16,The Chainsmokers,234553
2018-04-17,Drake,5267058
2018-04-17,Post Malone,4351320
2018-04-17,Ed Sheeran,552214
2018-04-17,The Chainsmokers,242787
2018-04-18,Drake,5271098
2018-04-18,Post Malone,4426507
2018-04-18,Ed Sheeran,560929
2018-04-18,The Chainsmokers,254064
2018-04-19,Drake,5172370
2018-04-19,Post Malone,4400169
2018-04-19,Ed Sheeran,554277
2018-04-19,The Chainsmokers,243051
2018-04-20,Drake,5165363
2018-04-20,Post Malone,4521380
2018-04-20,The Chainsmokers,1268431
2018-04-20,Ed Sheeran,561967
2018-04-21,Drake,4771969
2018-04-21,Post Malone,4121124
2018-04-21,The Chainsmokers,358088
2018-04-21,Ed Sheeran,526815
2018-04-22,Drake,4276099
2018-04-22,Post Malone,3763691
2018-04-22,The Chainsmokers,492548
2018-04-22,Ed Sheeran,486663
2018-04-23,Drake,4539938
2018-04-23,Post Malone,4033133
2018-04-23,The Chainsmokers,337347
2018-04-23,Ed Sheeran,527597
2018-04-24,Drake,4629546
2018-04-24,Post Malone,4128373
2018-04-24,The Chainsmokers,320175
2018-04-24,Ed Sheeran,529873
2018-04-25,Drake,4427280
2018-04-25,Post Malone,4112591
2018-04-25,The Chainsmokers,301665
2018-04-25,Ed Sheeran,530483
2018-04-26,Drake,4445471
2018-04-26,Post Malone,4219673
2018-04-26,Ed Sheeran,536170
2018-04-26,The Chainsmokers,279660
2018-04-27,Post Malone,49330822
2018-04-27,Drake,4315729
2018-04-27,The Chainsmokers,302651
2018-04-27,Ed Sheeran,537756
2018-04-28,Post Malone,38239077
2018-04-28,Drake,4260372
2018-04-28,The Chainsmokers,280580
2018-04-28,Ed Sheeran,519011
2018-04-29,Post Malone,31078644
2018-04-29,Drake,3731595
2018-04-29,Ed Sheeran,476137
2018-04-29,The Chainsmokers,433742
2018-04-30,Post Malone,35807182
2018-04-30,Drake,3799770
2018-04-30,The Chainsmokers,315778
2018-04-30,Ed Sheeran,511811
2018-05-01,Post Malone,32395135
2018-05-01,Drake,3871858
2018-05-01,The Chainsmokers,351320
2018-05-01,Ed Sheeran,521198
2018-05-02,Post Malone,29424293
2018-05-02,Drake,3908644
2018-05-02,The Chainsmokers,337716
2018-05-02,Ed Sheeran,517735
2018-05-03,Post Malone,27780037
2018-05-03,Drake,3905515
2018-05-03,The Chainsmokers,305436
2018-05-03,Ed Sheeran,519242
2018-05-04,Post Malone,25150384
2018-05-04,Drake,4032075
2018-05-04,The Chainsmokers,283875
2018-05-04,Ed Sheeran,529732
2018-05-05,Post Malone,20791125
2018-05-05,Drake,4003469
2018-05-05,The Chainsmokers,281431
2018-05-05,Ed Sheeran,508980
2018-05-06,Drake,3536644
2018-05-06,Post Malone,17881689
2018-05-06,Ed Sheeran,464135
2018-05-06,The Chainsmokers,235483
2018-05-07,Post Malone,20645972
2018-05-07,Drake,3701648
2018-05-07,The Chainsmokers,328511
2018-05-07,Ed Sheeran,497001
2018-05-08,Post Malone,20042738
2018-05-08,Drake,3737978
2018-05-08,The Chainsmokers,359667
2018-05-08,Ed Sheeran,518846
2018-05-09,Post Malone,19465460
2018-05-09,Drake,3732268
2018-05-09,The Chainsmokers,390530
2018-05-09,Ed Sheeran,506201
2018-05-10,Drake,3731258
2018-05-10,Post Malone,18982567
2018-05-10,The Chainsmokers,351049
2018-05-10,Ed Sheeran,508824
2018-05-11,Drake,3587325
2018-05-11,Post Malone,18688976
2018-05-11,The Chainsmokers,329266
2018-05-11,Ed Sheeran,521493
2018-05-12,Drake,3671143
2018-05-12,Post Malone,16265030
2018-05-12,The Chainsmokers,330904
2018-05-12,Ed Sheeran,497631
2018-05-13,Drake,3201913
2018-05-13,Post Malone,14238098
2018-05-13,The Chainsmokers,275743
2018-05-13,Ed Sheeran,460090
2018-05-14,Drake,3419656
2018-05-14,Post Malone,16435228
2018-05-14,The Chainsmokers,367685
2018-05-14,Ed Sheeran,495609
2018-05-15,Drake,3503109
2018-05-15,Post Malone,16107056
2018-05-15,The Chainsmokers,378406
2018-05-15,Ed Sheeran,509889
2018-05-16,Drake,3471708
2018-05-16,Post Malone,15594921
2018-05-16,The Chainsmokers,374836
2018-05-16,Ed Sheeran,498778
2018-05-17,Drake,3484675
2018-05-17,Post Malone,15360152
2018-05-17,The Chainsmokers,365014
2018-05-17,Ed Sheeran,501830
2018-05-18,Drake,3558588
2018-05-18,Post Malone,15064207
2018-05-18,The Chainsmokers,367163
2018-05-18,Ed Sheeran,509019
2018-05-19,Drake,3362587
2018-05-19,Post Malone,13084451
2018-05-19,The Chainsmokers,330609
2018-05-19,Ed Sheeran,474479
2018-05-20,Drake,3069853
2018-05-20,Post Malone,12064350
2018-05-20,The Chainsmokers,279732
2018-05-20,Ed Sheeran,454655
2018-05-21,Drake,3236621
2018-05-21,Post Malone,13786005
2018-05-21,The Chainsmokers,354661
2018-05-21,Ed Sheeran,522925
2018-05-22,Drake,3300398
2018-05-22,Post Malone,13807306
2018-05-22,The Chainsmokers,413080
2018-05-22,Ed Sheeran,500280
2018-05-23,Drake,3452805
2018-05-23,Post Malone,13877016
2018-05-23,The Chainsmokers,410765
2018-05-23,Ed Sheeran,503716
2018-05-24,Drake,3475966
2018-05-24,Post Malone,13769612
2018-05-24,The Chainsmokers,602370
2018-05-24,Ed Sheeran,505915
2018-05-25,Drake,3340231
2018-05-25,Post Malone,13292808
2018-05-25,The Chainsmokers,422104
2018-05-25,Ed Sheeran,520954
2018-05-26,Drake,3422480
2018-05-26,Post Malone,11512118
2018-05-26,The Chainsmokers,385421
2018-05-26,Ed Sheeran,485544
2018-05-27,Drake,3714219
2018-05-27,Post Malone,10157543
2018-05-27,The Chainsmokers,336027
2018-05-27,Ed Sheeran,436671
2018-05-28,Drake,4182114
2018-05-28,Post Malone,10247310
2018-05-28,The Chainsmokers,524129
2018-05-28,Ed Sheeran,454818
2018-05-29,Drake,4650439
2018-05-29,Post Malone,11417831
2018-05-29,The Chainsmokers,389792
2018-05-29,Ed Sheeran,474064
2018-05-30,Drake,4759659
2018-05-30,Post Malone,11505843
2018-05-30,The Chainsmokers,376205
2018-05-30,Ed Sheeran,485086
2018-05-31,Drake,4607876
2018-05-31,Post Malone,11673449
2018-05-31,The Chainsmokers,369181
2018-05-31,Ed Sheeran,490168
2018-06-01,Drake,4654440
2018-06-01,Post Malone,11649937
2018-06-01,The Chainsmokers,384407
2018-06-01,Ed Sheeran,496139
2018-06-02,Drake,4238275
2018-06-02,Post Malone,10795055
2018-06-02,The Chainsmokers,576016
2018-06-02,Ed Sheeran,469858
2018-06-03,Drake,3729242
2018-06-03,Post Malone,9920019
2018-06-03,The Chainsmokers,533037
2018-06-03,Ed Sheeran,432967
2018-06-04,Drake,3602061
2018-06-04,Post Malone,10852809
2018-06-04,The Chainsmokers,328444
2018-06-04,Ed Sheeran,462574
2018-06-05,Drake,3634824
2018-06-05,Post Malone,11045674
2018-06-05,The Chainsmokers,333662
2018-06-05,Ed Sheeran,469132
2018-06-06,Drake,3626151
2018-06-06,Post Malone,11044036
2018-06-06,The Chainsmokers,368945
2018-06-06,Ed Sheeran,470346
2018-06-07,Drake,3586536
2018-06-07,Post Malone,11064355
2018-06-07,The Chainsmokers,365571
2018-06-07,Ed Sheeran,472853
2018-06-08,Drake,3595908
2018-06-08,Post Malone,11202419
2018-06-08,The Chainsmokers,393271
2018-06-08,Ed Sheeran,481436
2018-06-09,Drake,3780161
2018-06-09,Post Malone,10184849
2018-06-09,The Chainsmokers,577317
2018-06-09,Ed Sheeran,453536
2018-06-10,Drake,3424228
2018-06-10,Post Malone,9422918
2018-06-10,The Chainsmokers,521934
2018-06-10,Ed Sheeran,418366
2018-06-11,Post Malone,10350575
2018-06-11,Drake,3437683
2018-06-11,The Chainsmokers,358796
2018-06-11,Ed Sheeran,456596
2018-06-12,Post Malone,10420509
2018-06-12,Drake,3500519
2018-06-12,The Chainsmokers,387506
2018-06-12,Ed Sheeran,458642
2018-06-13,Post Malone,10319139
2018-06-13,Drake,3493643
2018-06-13,The Chainsmokers,381501
2018-06-13,Ed Sheeran,460484
2018-06-14,Post Malone,10409610
2018-06-14,Drake,3873005
2018-06-14,The Chainsmokers,376168
2018-06-14,Ed Sheeran,465384
2018-06-15,Post Malone,10239312
2018-06-15,Drake,3739250
2018-06-15,The Chainsmokers,377318
2018-06-15,Ed Sheeran,469600
2018-06-16,Post Malone,9572891
2018-06-16,Drake,3782872
2018-06-16,The Chainsmokers,359992
2018-06-16,Ed Sheeran,448338
2018-06-17,Post Malone,8503188
2018-06-17,Drake,3090577
2018-06-17,The Chainsmokers,322691
2018-06-17,Ed Sheeran,409024
2018-06-18,Post Malone,9225337
2018-06-18,Drake,3048290
2018-06-18,The Chainsmokers,344338
2018-06-18,Ed Sheeran,454338
2018-06-19,Post Malone,7945645
2018-06-19,Drake,3065098
2018-06-19,The Chainsmokers,337698
2018-06-19,Ed Sheeran,227470
2018-06-20,Post Malone,8412021
2018-06-20,Drake,3080371
2018-06-20,The Chainsmokers,336683
2018-06-20,Ed Sheeran,454213
2018-06-21,Post Malone,8602543
2018-06-21,Drake,3029673
2018-06-21,The Chainsmokers,345449
2018-06-21,Ed Sheeran,460451
2018-06-22,Post Malone,8034218
2018-06-22,Drake,3041706
2018-06-22,The Chainsmokers,339450
2018-06-22,Ed Sheeran,468097
2018-06-23,Post Malone,7936937
2018-06-23,Drake,2900031
2018-06-23,The Chainsmokers,310706
2018-06-23,Ed Sheeran,433046
2018-06-24,Post Malone,7393546
2018-06-24,Drake,2861108
2018-06-24,The Chainsmokers,289489
2018-06-24,Ed Sheeran,407212
2018-06-25,Post Malone,7906430
2018-06-25,Drake,2744130
2018-06-25,The Chainsmokers,312398
2018-06-25,Ed Sheeran,445889
2018-06-26,Post Malone,7879678
2018-06-26,Drake,2825115
2018-06-26,The Chainsmokers,522644
2018-06-26,Ed Sheeran,449701
2018-06-27,Post Malone,7781821
2018-06-27,Drake,2811527
2018-06-27,The Chainsmokers,493316
2018-06-27,Ed Sheeran,448822
2018-06-28,Post Malone,8097387
2018-06-28,Drake,3303796
2018-06-28,The Chainsmokers,501711
2018-06-28,Ed Sheeran,456164
2018-06-29,Drake,81278725
2018-06-29,Post Malone,7259462
2018-06-29,The Chainsmokers,481277
2018-06-29,Ed Sheeran,480876
2018-06-30,Drake,61068142
2018-06-30,Post Malone,6841754
2018-06-30,The Chainsmokers,428619
2018-06-30,Ed Sheeran,437015
2018-07-01,Drake,41434900
2018-07-01,Post Malone,6462538
2018-07-01,The Chainsmokers,393695
2018-07-01,Ed Sheeran,394713
2018-07-02,Drake,38863423
2018-07-02,Post Malone,6577024
2018-07-02,The Chainsmokers,438425
2018-07-02,Ed Sheeran,451915
2018-07-03,Drake,34553211
2018-07-03,Post Malone,6706028
2018-07-03,The Chainsmokers,458757
2018-07-03,Ed Sheeran,452206
2018-07-04,Drake,29245543
2018-07-04,Post Malone,5635977
2018-07-04,Ed Sheeran,562542
2018-07-04,The Chainsmokers,431561
2018-07-05,Drake,26445436
2018-07-05,Post Malone,6117284
2018-07-05,Ed Sheeran,555437
2018-07-05,The Chainsmokers,528122
2018-07-06,Drake,24881952
2018-07-06,Post Malone,6447771
2018-07-06,Ed Sheeran,476425
2018-07-06,The Chainsmokers,455327
2018-07-07,Drake,22052583
2018-07-07,Post Malone,6278340
2018-07-07,Ed Sheeran,439795
2018-07-07,The Chainsmokers,430735
2018-07-08,Drake,19970520
2018-07-08,Post Malone,6139079
2018-07-08,Ed Sheeran,410510
2018-07-08,The Chainsmokers,405420
2018-07-09,Drake,22793949
2018-07-09,Post Malone,6680494
2018-07-09,The Chainsmokers,440803
2018-07-09,Ed Sheeran,445960
2018-07-10,Drake,23508820
2018-07-10,Post Malone,6404011
2018-07-10,The Chainsmokers,439945
2018-07-10,Ed Sheeran,440858
2018-07-11,Drake,22532901
2018-07-11,Post Malone,6335897
2018-07-11,The Chainsmokers,451074
2018-07-11,Ed Sheeran,440807
2018-07-12,Drake,22251841
2018-07-12,Post Malone,6094802
2018-07-12,The Chainsmokers,468579
2018-07-12,Ed Sheeran,466191
2018-07-13,Drake,21942901
2018-07-13,Post Malone,5993068
2018-07-13,Ed Sheeran,250899
2018-07-14,Drake,20043621
2018-07-14,Post Malone,5872912
2018-07-14,Ed Sheeran,450154
2018-07-14,The Chainsmokers,215782
2018-07-15,Drake,17248400
2018-07-15,Post Malone,5314750
2018-07-15,Ed Sheeran,412205
2018-07-15,The Chainsmokers,191283
2018-07-16,Drake,17990601
2018-07-16,Post Malone,5780759
2018-07-16,Ed Sheeran,455660
2018-07-16,The Chainsmokers,208371
2018-07-17,Drake,16635122
2018-07-17,Post Malone,5789190
2018-07-17,Ed Sheeran,449170
2018-07-17,The Chainsmokers,208708
2018-07-18,Drake,15957641
2018-07-18,Post Malone,6114639
2018-07-18,Ed Sheeran,455069
2018-07-18,The Chainsmokers,212617
2018-07-19,Drake,14905104
2018-07-19,Post Malone,6146015
2018-07-19,Ed Sheeran,452297
2018-07-19,The Chainsmokers,220439
2018-07-20,Drake,14657001
2018-07-20,Post Malone,6058816
2018-07-20,Ed Sheeran,468113
2018-07-20,The Chainsmokers,220238
2018-07-21,Drake,13174112
2018-07-21,Post Malone,5660917
2018-07-21,Ed Sheeran,438191
2018-07-21,The Chainsmokers,206025
2018-07-22,Drake,11612534
2018-07-22,Post Malone,5151764
2018-07-22,Ed Sheeran,401528
2018-07-22,The Chainsmokers,186086
2018-07-23,Drake,12111582
2018-07-23,Post Malone,5494272
2018-07-23,Ed Sheeran,447861
2018-07-24,Drake,12085292
2018-07-24,Post Malone,5526490
2018-07-24,Ed Sheeran,448458
2018-07-24,The Chainsmokers,203872
2018-07-25,Drake,11558422
2018-07-25,Post Malone,5455914
2018-07-25,Ed Sheeran,439837
2018-07-25,The Chainsmokers,203349
2018-07-26,Drake,11118807
2018-07-26,Post Malone,5545230
2018-07-26,Ed Sheeran,443395
2018-07-26,The Chainsmokers,218607
2018-07-27,Drake,11142907
2018-07-27,Post Malone,5681517
2018-07-27,The Chainsmokers,724962
2018-07-27,Ed Sheeran,455879
2018-07-28,Drake,10242889
2018-07-28,Post Malone,5142410
2018-07-28,The Chainsmokers,449397
2018-07-28,Ed Sheeran,430662
2018-07-29,Drake,8774810
2018-07-29,Post Malone,4729753
2018-07-29,Ed Sheeran,397266
2018-07-29,The Chainsmokers,187829
2018-07-30,Drake,8927384
2018-07-30,Post Malone,5043597
2018-07-30,Ed Sheeran,441539
2018-07-30,The Chainsmokers,423448
2018-07-31,Drake,8742656
2018-07-31,Post Malone,5324197
2018-07-31,Ed Sheeran,444244
2018-07-31,The Chainsmokers,420999
2018-08-01,Drake,8332478
2018-08-01,Post Malone,5634084
2018-08-01,Ed Sheeran,440332
2018-08-01,The Chainsmokers,414914
2018-08-02,Drake,7992679
2018-08-02,Post Malone,5659017
2018-08-02,Ed Sheeran,439348
2018-08-02,The Chainsmokers,446982
2018-08-03,Drake,7710915
2018-08-03,Post Malone,4959378
2018-08-03,The Chainsmokers,311176
2018-08-03,Ed Sheeran,235346
2018-08-04,Drake,7495394
2018-08-04,Post Malone,4852054
2018-08-04,The Chainsmokers,289055
2018-08-04,Ed Sheeran,222128
2018-08-05,Drake,6991419
2018-08-05,Post Malone,4478382
2018-08-05,The Chainsmokers,475538
2018-08-05,Ed Sheeran,389602
2018-08-06,Drake,7119159
2018-08-06,Post Malone,4761091
2018-08-06,The Chainsmokers,522013
2018-08-06,Ed Sheeran,423180
2018-08-07,Drake,7106388
2018-08-07,Post Malone,4816777
2018-08-07,The Chainsmokers,531674
2018-08-07,Ed Sheeran,425666
2018-08-08,Drake,6955627
2018-08-08,Post Malone,4856121
2018-08-08,The Chainsmokers,524446
2018-08-08,Ed Sheeran,426629
2018-08-09,Drake,6723465
2018-08-09,Post Malone,4956481
2018-08-09,The Chainsmokers,534138
2018-08-09,Ed Sheeran,431860
2018-08-10,Drake,6375855
2018-08-10,Post Malone,4844902
2018-08-10,The Chainsmokers,325334
2018-08-10,Ed Sheeran,229508
2018-08-11,Drake,6160295
2018-08-11,Post Malone,4518970
2018-08-11,The Chainsmokers,286998
2018-08-11,Ed Sheeran,215401
2018-08-12,Drake,5605813
2018-08-12,Post Malone,4202358
2018-08-12,The Chainsmokers,282962
2018-08-12,Ed Sheeran,199468
2018-08-13,Drake,5677095
2018-08-13,Post Malone,4487418
2018-08-13,The Chainsmokers,284724
2018-08-13,Ed Sheeran,422747
2018-08-14,Drake,5715222
2018-08-14,Post Malone,4563687
2018-08-14,The Chainsmokers,284670
2018-08-14,Ed Sheeran,427753
2018-08-15,Drake,5656005
2018-08-15,Post Malone,4798120
2018-08-15,The Chainsmokers,280390
2018-08-15,Ed Sheeran,428666
2018-08-16,Drake,5603444
2018-08-16,Post Malone,4799767
2018-08-16,The Chainsmokers,280427
2018-08-16,Ed Sheeran,429176
2018-08-17,Drake,5579770
2018-08-17,Post Malone,4472757
2018-08-17,The Chainsmokers,249461
2018-08-17,Ed Sheeran,231124
2018-08-18,Drake,5724077
2018-08-18,Post Malone,4419162
2018-08-18,The Chainsmokers,225508
2018-08-18,Ed Sheeran,424373
2018-08-18,Ozuna,206246
2018-08-19,Drake,5175961
2018-08-19,Post Malone,4103094
2018-08-19,The Chainsmokers,222189
2018-08-19,Ed Sheeran,395986
2018-08-19,Ozuna,184762
2018-08-20,Drake,5168664
2018-08-20,Post Malone,4340513
2018-08-20,The Chainsmokers,230705
2018-08-20,Ed Sheeran,422831
2018-08-20,Ozuna,200350
2018-08-21,Drake,5254251
2018-08-21,Post Malone,4846206
2018-08-21,The Chainsmokers,229268
2018-08-21,Ed Sheeran,440010
2018-08-22,Drake,5274771
2018-08-22,Post Malone,4976112
2018-08-22,The Chainsmokers,237815
2018-08-22,Ed Sheeran,434824
2018-08-23,Drake,5291599
2018-08-23,Post Malone,4989264
2018-08-23,The Chainsmokers,239494
2018-08-23,Ed Sheeran,429205
2018-08-24,Drake,5317662
2018-08-24,Post Malone,4850381
2018-08-24,Ozuna,1825019
2018-08-24,The Chainsmokers,265176
2018-08-25,Drake,5165378
2018-08-25,Post Malone,4268434
2018-08-25,Ozuna,2272935
2018-08-25,The Chainsmokers,232293
2018-08-25,Ed Sheeran,217599
2018-08-26,Drake,4736317
2018-08-26,Post Malone,4000356
2018-08-26,Ozuna,1287720
2018-08-26,The Chainsmokers,223395
2018-08-26,Ed Sheeran,201735
2018-08-27,Drake,4698400
2018-08-27,Post Malone,4226242
2018-08-27,Ozuna,1293672
2018-08-27,The Chainsmokers,248207
2018-08-27,Ed Sheeran,212472
2018-08-28,Drake,4835581
2018-08-28,Post Malone,4299066
2018-08-28,Ozuna,568947
2018-08-28,The Chainsmokers,247276
2018-08-28,Ed Sheeran,216328
2018-08-29,Drake,4849003
2018-08-29,Post Malone,4359292
2018-08-29,Ozuna,545896
2018-08-29,The Chainsmokers,244923
2018-08-29,Ed Sheeran,210822
2018-08-30,Drake,4904133
2018-08-30,Post Malone,4642061
2018-08-30,Ozuna,572515
2018-08-30,The Chainsmokers,258833
2018-08-30,Ed Sheeran,421719
2018-08-31,Drake,5146215
2018-08-31,Post Malone,4582146
2018-08-31,Ozuna,365654
2018-08-31,The Chainsmokers,241531
2018-09-01,Drake,4805391
2018-09-01,Post Malone,4048757
2018-09-01,Ozuna,564040
2018-09-01,Ed Sheeran,207888
2018-09-01,The Chainsmokers,407717
2018-09-02,Drake,4290351
2018-09-02,Post Malone,3696116
2018-09-02,Ozuna,497516
2018-09-02,The Chainsmokers,192911
2018-09-02,Ed Sheeran,189188
2018-09-03,Drake,4201344
2018-09-03,Post Malone,3811712
2018-09-03,Ozuna,306399
2018-09-03,Ed Sheeran,390771
2018-09-03,The Chainsmokers,387546
2018-09-04,Drake,4308451
2018-09-04,Post Malone,3981132
2018-09-04,Ozuna,341296
2018-09-04,The Chainsmokers,223584
2018-09-04,Ed Sheeran,202884
2018-09-05,Drake,4433380
2018-09-05,Post Malone,4029821
2018-09-05,Ozuna,336288
2018-09-05,The Chainsmokers,213407
2018-09-06,Drake,4438460
2018-09-06,Post Malone,4041150
2018-09-06,Ozuna,328700
2018-09-06,The Chainsmokers,228699
2018-09-06,Ed Sheeran,208731
2018-09-07,Drake,4557643
2018-09-07,Post Malone,3678970
2018-09-07,Ozuna,324075
2018-09-08,Drake,4367731
2018-09-08,Post Malone,3175682
2018-09-08,Ozuna,314012
2018-09-09,Drake,3930197
2018-09-09,Post Malone,3105511
2018-09-09,Ozuna,273172
2018-09-10,Drake,3993326
2018-09-10,Post Malone,3819804
2018-09-10,Ozuna,302590
2018-09-11,Drake,4094939
2018-09-11,Post Malone,3898192
2018-09-11,Ozuna,306106
2018-09-12,Drake,4226046
2018-09-12,Post Malone,4019718
2018-09-12,Ozuna,312614
2018-09-13,Drake,4280396
2018-09-13,Post Malone,4090143
2018-09-13,Ozuna,315526
2018-09-14,Drake,4341935
2018-09-14,Post Malone,3719888
2018-09-14,Ozuna,312450
2018-09-15,Drake,4178861
2018-09-15,Post Malone,3446182
2018-09-15,Ozuna,308168
2018-09-15,Ed Sheeran,215085
2018-09-16,Drake,3704064
2018-09-16,Post Malone,3115331
2018-09-16,Ozuna,266824
2018-09-16,Ed Sheeran,193104
2018-09-17,Drake,3764535
2018-09-17,Post Malone,3608859
2018-09-17,Ozuna,297878
2018-09-18,Drake,3864023
2018-09-18,Post Malone,3679505
2018-09-18,Ozuna,299141
2018-09-18,Ed Sheeran,217058
2018-09-19,Drake,3933558
2018-09-19,Post Malone,3737145
2018-09-19,Ozuna,299678
2018-09-19,Ed Sheeran,226769
2018-09-20,Drake,3945805
2018-09-20,Post Malone,3757944
2018-09-20,Ozuna,296302
2018-09-20,Ed Sheeran,225432
2018-09-21,Drake,4119633
2018-09-21,Post Malone,3694032
2018-09-21,The Chainsmokers,617285
2018-09-21,Ozuna,301173
2018-09-21,Ed Sheeran,232410
2018-09-22,Drake,3980651
2018-09-22,Post Malone,3368320
2018-09-22,The Chainsmokers,559629
2018-09-22,Ozuna,292348
2018-09-22,Ed Sheeran,412632
2018-09-23,Drake,3534819
2018-09-23,Post Malone,3062488
2018-09-23,The Chainsmokers,268833
2018-09-23,Ozuna,256087
2018-09-23,Ed Sheeran,201944
2018-09-24,Drake,3567528
2018-09-24,Post Malone,3297943
2018-09-24,The Chainsmokers,391995
2018-09-24,Ozuna,285424
2018-09-24,Ed Sheeran,227258
2018-09-25,Drake,3702876
2018-09-25,Post Malone,3571893
2018-09-25,The Chainsmokers,437381
2018-09-25,Ozuna,289137
2018-09-25,Ed Sheeran,227877
2018-09-26,Drake,3764814
2018-09-26,Post Malone,3649993
2018-09-26,The Chainsmokers,493819
2018-09-26,Ozuna,297520
2018-09-26,Ed Sheeran,229896
2018-09-27,Drake,3724808
2018-09-27,Post Malone,3603591
2018-09-27,The Chainsmokers,537314
2018-09-27,Ozuna,293712
2018-09-27,Ed Sheeran,229818
2018-09-28,Drake,3413527
2018-09-28,Post Malone,3168828
2018-09-28,The Chainsmokers,561982
2018-09-28,Ozuna,292011
2018-09-29,Drake,3331183
2018-09-29,Post Malone,2924864
2018-09-29,The Chainsmokers,511005
2018-09-29,Ozuna,284948
2018-09-29,Ed Sheeran,209850
2018-09-30,Drake,3165515
2018-09-30,Post Malone,2657971
2018-09-30,The Chainsmokers,417636
2018-09-30,Ozuna,249400
2018-09-30,Ed Sheeran,201386
2018-10-01,Drake,3221595
2018-10-01,Post Malone,3087727
2018-10-01,The Chainsmokers,581725
2018-10-01,Ozuna,281290
2018-10-01,Ed Sheeran,228066
2018-10-02,Drake,3365134
2018-10-02,Post Malone,3227601
2018-10-02,The Chainsmokers,652222
2018-10-02,Ozuna,289090
2018-10-02,Ed Sheeran,228437
2018-10-03,Drake,3437916
2018-10-03,Post Malone,3346081
2018-10-03,The Chainsmokers,689679
2018-10-03,Ozuna,294008
2018-10-03,Ed Sheeran,227996
2018-10-04,Drake,3481515
2018-10-04,Post Malone,3408555
2018-10-04,The Chainsmokers,688246
2018-10-04,Ozuna,294214
2018-10-04,Ed Sheeran,228921
2018-10-05,Drake,3316632
2018-10-05,Post Malone,3287201
2018-10-05,The Chainsmokers,707646
2018-10-05,Ozuna,301145
2018-10-06,Drake,3180444
2018-10-06,Post Malone,2968827
2018-10-06,The Chainsmokers,650816
2018-10-06,Ozuna,289103
2018-10-07,Drake,2788158
2018-10-07,Post Malone,2652111
2018-10-07,The Chainsmokers,525118
2018-10-07,Ozuna,247361
2018-10-07,Ed Sheeran,191241
2018-10-08,Drake,2860741
2018-10-08,Post Malone,3119901
2018-10-08,The Chainsmokers,667984
2018-10-08,Ozuna,274613
2018-10-08,Ed Sheeran,221542
2018-10-09,Drake,2979145
2018-10-09,Post Malone,3225286
2018-10-09,The Chainsmokers,725162
2018-10-09,Ozuna,279763
2018-10-09,Ed Sheeran,221795
2018-10-10,Drake,2975306
2018-10-10,The Chainsmokers,783215
2018-10-10,Post Malone,3330164
2018-10-10,Ozuna,286728
2018-10-10,Ed Sheeran,222036
2018-10-11,Drake,3041483
2018-10-11,Post Malone,3430777
2018-10-11,The Chainsmokers,789575
2018-10-11,Ozuna,299208
2018-10-11,Ed Sheeran,223893
2018-10-12,Drake,3071252
2018-10-12,The Chainsmokers,820199
2018-10-12,Post Malone,3493393
2018-10-12,Ozuna,307200
2018-10-13,Drake,2993477
2018-10-13,Post Malone,3147977
2018-10-13,The Chainsmokers,917666
2018-10-13,Ozuna,289911
2018-10-13,Ed Sheeran,204335
2018-10-14,Drake,2958866
2018-10-14,Post Malone,2916079
2018-10-14,The Chainsmokers,804198
2018-10-14,Ozuna,255212
2018-10-14,Ed Sheeran,367961
2018-10-15,Drake,3057454
2018-10-15,The Chainsmokers,953631
2018-10-15,Post Malone,3153967
2018-10-15,Ozuna,268855
2018-10-15,Ed Sheeran,221069
2018-10-16,Drake,3157278
2018-10-16,Post Malone,3238364
2018-10-16,The Chainsmokers,728898
2018-10-16,Ozuna,253449
2018-10-16,Ed Sheeran,220117
2018-10-17,Drake,3221713
2018-10-17,Post Malone,3385515
2018-10-17,The Chainsmokers,721894
2018-10-17,Ozuna,255091
2018-10-17,Ed Sheeran,224848
2018-10-18,Drake,3235904
2018-10-18,Post Malone,3720842
2018-10-18,The Chainsmokers,690820
2018-10-18,Ozuna,255342
2018-10-18,Ed Sheeran,219940
2018-10-19,Post Malone,4946349
2018-10-19,Drake,3024989
2018-10-19,The Chainsmokers,578560
2018-10-19,Ozuna,262880
2018-10-20,Post Malone,4320885
2018-10-20,Drake,2923953
2018-10-20,The Chainsmokers,465446
2018-10-20,Ozuna,256383
2018-10-21,Post Malone,4061659
2018-10-21,Drake,2605482
2018-10-21,The Chainsmokers,387186
2018-10-21,Ozuna,221602
2018-10-21,Ed Sheeran,188414
2018-10-22,Post Malone,4629977
2018-10-22,Drake,2648663
2018-10-22,The Chainsmokers,483127
2018-10-22,Ozuna,240495
2018-10-22,Ed Sheeran,214967
2018-10-23,Post Malone,4703131
2018-10-23,Drake,2743906
2018-10-23,The Chainsmokers,489510
2018-10-23,Ozuna,243922
2018-10-23,Ed Sheeran,213042
2018-10-24,Post Malone,4633124
2018-10-24,Drake,2766224
2018-10-24,The Chainsmokers,494585
2018-10-24,Ozuna,245708
2018-10-24,Ed Sheeran,217847
2018-10-25,Post Malone,4677848
2018-10-25,Drake,2833546
2018-10-25,The Chainsmokers,491890
2018-10-25,Ozuna,250035
2018-10-25,Ed Sheeran,215614
2018-10-26,Post Malone,4669247
2018-10-26,Drake,2957301
2018-10-26,The Chainsmokers,725003
2018-10-26,Ozuna,259274
2018-10-27,Post Malone,4285322
2018-10-27,Drake,2907755
2018-10-27,The Chainsmokers,617334
2018-10-27,Ozuna,245185
2018-10-28,Post Malone,3885448
2018-10-28,Drake,2669027
2018-10-28,The Chainsmokers,547752
2018-10-28,Ozuna,214087
2018-10-29,Post Malone,4515391
2018-10-29,Drake,2556907
2018-10-29,The Chainsmokers,407716
2018-10-29,Ozuna,223098
2018-10-29,Ed Sheeran,208343
2018-10-30,Post Malone,4632117
2018-10-30,Drake,2625109
2018-10-30,The Chainsmokers,410728
2018-10-30,Ozuna,239588
2018-10-31,Post Malone,4569746
2018-10-31,Drake,2771130
2018-10-31,The Chainsmokers,713926
2018-10-31,Ozuna,244795
2018-11-01,Post Malone,4566912
2018-11-01,Drake,2658088
2018-11-01,The Chainsmokers,636544
2018-11-01,Ozuna,233690
2018-11-02,Post Malone,4433645
2018-11-02,Drake,2640902
2018-11-02,The Chainsmokers,384019
2018-11-02,Ozuna,240714
2018-11-03,Post Malone,4096839
2018-11-03,Drake,2596700
2018-11-03,The Chainsmokers,331678
2018-11-03,Ozuna,237611
2018-11-04,Post Malone,3636041
2018-11-04,Drake,2305406
2018-11-04,The Chainsmokers,302206
2018-11-04,Ozuna,202709
2018-11-05,Post Malone,4248366
2018-11-05,Drake,2308929
2018-11-05,The Chainsmokers,366858
2018-11-05,Ozuna,216783
2018-11-06,Post Malone,4244101
2018-11-06,Drake,2409143
2018-11-06,The Chainsmokers,377733
2018-11-06,Ozuna,221203
2018-11-07,Post Malone,4275120
2018-11-07,Drake,2382582
2018-11-07,The Chainsmokers,384330
2018-11-07,Ozuna,226182
2018-11-08,Post Malone,4277543
2018-11-08,Drake,2411263
2018-11-08,The Chainsmokers,379215
2018-11-08,Ozuna,223773
2018-11-09,Post Malone,3915364
2018-11-09,Drake,2014023
2018-11-09,The Chainsmokers,382541
2018-11-10,Post Malone,3580545
2018-11-10,Drake,2196717
2018-11-10,The Chainsmokers,339597
2018-11-10,Ozuna,220204
2018-11-11,Post Malone,3204051
2018-11-11,Drake,1983967
2018-11-11,The Chainsmokers,284040
2018-11-11,Ozuna,191464
2018-11-12,Post Malone,3422767
2018-11-12,Drake,1725368
2018-11-12,The Chainsmokers,317505
2018-11-13,Post Malone,3575070
2018-11-13,Drake,1758217
2018-11-13,The Chainsmokers,337619
2018-11-14,Post Malone,3704339
2018-11-14,Drake,1799910
2018-11-14,The Chainsmokers,560848
2018-11-15,Post Malone,3642340
2018-11-15,Drake,1793976
2018-11-15,The Chainsmokers,534034
2018-11-16,Post Malone,3781733
2018-11-16,Drake,1916064
2018-11-16,The Chainsmokers,1118209
2018-11-17,Post Malone,3696243
2018-11-17,Drake,2181771
2018-11-17,The Chainsmokers,978989
2018-11-17,Ozuna,220639
2018-11-18,Post Malone,3302633
2018-11-18,Drake,1975851
2018-11-18,The Chainsmokers,790731
2018-11-18,Ozuna,195673
2018-11-19,Post Malone,3613781
2018-11-19,Drake,1813645
2018-11-19,The Chainsmokers,933242
2018-11-19,Ozuna,204382
2018-11-20,Post Malone,3774214
2018-11-20,Drake,1926045
2018-11-20,The Chainsmokers,1009514
2018-11-20,Ozuna,213865
2018-11-21,Post Malone,3888998
2018-11-21,Drake,2051375
2018-11-21,The Chainsmokers,1009634
2018-11-21,Ozuna,225566
2018-11-22,Post Malone,3261962
2018-11-22,Drake,1796738
2018-11-22,The Chainsmokers,757458
2018-11-22,Ozuna,217768
2018-11-23,Post Malone,2939190
2018-11-23,Drake,1588720
2018-11-23,The Chainsmokers,479342
2018-11-23,Ozuna,180431
2018-11-24,Post Malone,3120467
2018-11-24,Drake,1676136
2018-11-24,The Chainsmokers,499077
2018-11-25,Post Malone,3124481
2018-11-25,Drake,1669350
2018-11-25,The Chainsmokers,501736
2018-11-26,Post Malone,3354667
2018-11-26,Drake,1644167
2018-11-26,The Chainsmokers,584151
2018-11-27,Post Malone,3472371
2018-11-27,Drake,1711732
2018-11-27,The Chainsmokers,552878
2018-11-28,Post Malone,3449999
2018-11-28,Drake,1684913
2018-11-28,The Chainsmokers,545127
2018-11-29,Post Malone,3472617
2018-11-29,Drake,1709738
2018-11-29,The Chainsmokers,298648
2018-11-30,Post Malone,3278092
2018-11-30,Drake,1752994
2018-12-01,Post Malone,3059860
2018-12-01,Drake,1725161
2018-12-02,Post Malone,2803095
2018-12-02,Drake,1551289
2018-12-03,Post Malone,3081867
2018-12-03,Drake,1546119
2018-12-03,The Chainsmokers,255885
2018-12-04,Post Malone,3189366
2018-12-04,Drake,1643970
2018-12-04,The Chainsmokers,280040
2018-12-05,Post Malone,3431837
2018-12-05,Drake,1651063
2018-12-05,The Chainsmokers,290540
2018-12-06,Post Malone,3704571
2018-12-06,Drake,2102491
2018-12-06,The Chainsmokers,265429
2018-12-07,Post Malone,3907784
2018-12-07,Drake,2277298
2018-12-07,The Chainsmokers,271021
2018-12-08,Post Malone,3624088
2018-12-08,Drake,2125375
2018-12-09,Post Malone,3280757
2018-12-09,Drake,1848076
2018-12-10,Post Malone,3646791
2018-12-10,Drake,1865709
2018-12-10,The Chainsmokers,228252
2018-12-11,Post Malone,3857469
2018-12-11,Drake,1964789
2018-12-11,The Chainsmokers,235839
2018-12-12,Post Malone,3872663
2018-12-12,Drake,1937610
2018-12-12,The Chainsmokers,249124
2018-12-13,Post Malone,3992601
2018-12-13,Drake,2007128
2018-12-14,Post Malone,4459867
2018-12-14,Drake,2004153
2018-12-14,The Chainsmokers,647878
2018-12-15,Post Malone,4253832
2018-12-15,Drake,1994156
2018-12-16,Post Malone,3856622
2018-12-16,Drake,1768590
2018-12-17,Post Malone,4231369
2018-12-17,Drake,1776355
2018-12-17,The Chainsmokers,251647
2018-12-18,Post Malone,4295621
2018-12-18,Drake,1848838
2018-12-18,The Chainsmokers,266041
2018-12-19,Post Malone,4274236
2018-12-19,Drake,1830274
2018-12-19,The Chainsmokers,264267
2018-12-20,Post Malone,4258097
2018-12-20,Drake,1844715
2018-12-20,The Chainsmokers,250201
2018-12-21,Post Malone,4356589
2018-12-21,Drake,1911289
2018-12-22,Post Malone,4183565
2018-12-22,Drake,1868040
2018-12-23,Post Malone,3805167
2018-12-23,Drake,1658216
2018-12-24,Post Malone,6042410
2018-12-24,Drake,1318225
2018-12-25,Post Malone,4415332
2018-12-25,Drake,1085438
2018-12-26,Post Malone,5839638
2018-12-26,Drake,1591773
2018-12-26,The Chainsmokers,237122
2018-12-27,Post Malone,6367102
2018-12-27,Drake,1733403
2018-12-27,The Chainsmokers,270763
2018-12-28,Post Malone,6726381
2018-12-28,Drake,1760973
2018-12-28,The Chainsmokers,275742
2018-12-29,Post Malone,6418916
2018-12-29,Drake,1760874
2018-12-29,The Chainsmokers,246371
2018-12-30,Post Malone,5964397
2018-12-30,Drake,1648825
2018-12-30,The Chainsmokers,216390
2018-12-31,Post Malone,6834812
2018-12-31,Drake,2008706
2018-12-31,The Chainsmokers,489995
2018-12-31,Ed Sheeran,426624
2019-01-01,Post Malone,12800692
2019-01-01,Drake,4830920
2019-01-01,The Chainsmokers,1077772
2019-01-01,Ed Sheeran,550098
2019-01-02,Post Malone,13539056
2019-01-02,Drake,3407966
2019-01-02,The Chainsmokers,952924
2019-01-02,Ed Sheeran,399682
2019-01-03,Post Malone,13571264
2019-01-03,Drake,3539312
2019-01-03,The Chainsmokers,992742
2019-01-03,Ed Sheeran,408306
2019-01-04,Post Malone,13633814
2019-01-04,Drake,3690312
2019-01-04,The Chainsmokers,1030042
2019-01-04,Ed Sheeran,416564
2019-01-05,Post Malone,12917694
2019-01-05,Drake,3626052
2019-01-05,The Chainsmokers,961136
2019-01-06,Post Malone,11816272
2019-01-06,Drake,3264718
2019-01-06,The Chainsmokers,851172
2019-01-07,Post Malone,13417616
2019-01-07,Drake,3355078
2019-01-07,The Chainsmokers,1025782
2019-01-08,Post Malone,13623122
2019-01-08,Drake,3428682
2019-01-08,The Chainsmokers,1073074
2019-01-09,Post Malone,13540142
2019-01-09,Drake,3360392
2019-01-09,The Chainsmokers,1521776
2019-01-10,Post Malone,13881704
2019-01-10,Drake,3338880
2019-01-10,The Chainsmokers,1561324
2019-01-11,Post Malone,14210426
2019-01-11,Drake,3487400
2019-01-11,The Chainsmokers,1241686
2019-01-12,Post Malone,13142870
2019-01-12,Drake,3384648
2019-01-12,The Chainsmokers,1559722
2019-01-13,Post Malone,11804460
2019-01-13,Drake,3022874
2019-01-13,The Chainsmokers,1370932
2019-01-14,Post Malone,13152092
2019-01-14,Drake,3076756
2019-01-14,The Chainsmokers,1293578
2019-01-15,Post Malone,13238040
2019-01-15,Drake,3221460
2019-01-15,The Chainsmokers,1347548
2019-01-16,Post Malone,13271404
2019-01-16,Drake,3227016
2019-01-16,The Chainsmokers,1416550
2019-01-17,Post Malone,13187002
2019-01-17,Drake,3257192
2019-01-17,The Chainsmokers,1436816
2019-01-18,Post Malone,13673160
2019-01-18,Drake,3413064
2019-01-18,The Chainsmokers,1559136
2019-01-19,Post Malone,12626808
2019-01-19,Drake,3344922
2019-01-19,The Chainsmokers,1331650
2019-01-20,Post Malone,11164382
2019-01-20,Drake,2960214
2019-01-20,The Chainsmokers,1110444
2019-01-21,Post Malone,11769604
2019-01-21,Drake,2939750
2019-01-21,The Chainsmokers,1366676
2019-01-22,Post Malone,12670052
2019-01-22,Drake,2966092
2019-01-22,The Chainsmokers,1589538
2019-01-23,Post Malone,12767058
2019-01-23,Drake,3045818
2019-01-23,The Chainsmokers,1607958
2019-01-24,Post Malone,12962530
2019-01-24,Drake,3012744
2019-01-24,The Chainsmokers,1608340
2019-01-25,Post Malone,13111578
2019-01-25,Drake,3157328
2019-01-25,The Chainsmokers,1632250
2019-01-26,Post Malone,12338698
2019-01-26,Drake,3179824
2019-01-26,The Chainsmokers,1442244
2019-01-26,Ozuna,428294
2019-01-27,Post Malone,11210980
2019-01-27,Drake,2860784
2019-01-27,The Chainsmokers,1273824
2019-01-28,Post Malone,12053880
2019-01-28,The Chainsmokers,1617314
2019-01-28,Drake,2769140
2019-01-29,Post Malone,12482246
2019-01-29,The Chainsmokers,1788816
2019-01-29,Drake,2843442
2019-01-30,Post Malone,12010318
2019-01-30,The Chainsmokers,1770734
2019-01-30,Drake,2791374
2019-01-31,Post Malone,12060760
2019-01-31,The Chainsmokers,1831072
2019-01-31,Drake,2794488
2019-02-01,Post Malone,12637106
2019-02-01,The Chainsmokers,1966676
2019-02-01,Drake,2949354
2019-02-01,Ozuna,478644
2019-02-02,Post Malone,12017688
2019-02-02,The Chainsmokers,1749260
2019-02-02,Drake,2995010
2019-02-02,Ozuna,458638
2019-02-03,Post Malone,11152340
2019-02-03,The Chainsmokers,1573950
2019-02-03,Drake,2798318
2019-02-03,Ozuna,417360
2019-02-04,Post Malone,11162398
2019-02-04,The Chainsmokers,1659632
2019-02-04,Drake,2586348
2019-02-04,Ozuna,433862
2019-02-05,Post Malone,11986186
2019-02-05,The Chainsmokers,1735102
2019-02-05,Drake,2810564
2019-02-05,Ozuna,468158
2019-02-06,Post Malone,11826514
2019-02-06,The Chainsmokers,1708196
2019-02-06,Drake,2793260
2019-02-06,Ozuna,464216
2019-02-07,Post Malone,11900486
2019-02-07,The Chainsmokers,1691534
2019-02-07,Drake,2818462
2019-02-07,Ozuna,466558
2019-02-08,Post Malone,11944560
2019-02-08,The Chainsmokers,3109486
2019-02-08,Drake,2905518
2019-02-08,Ozuna,486192
2019-02-09,Post Malone,11070864
2019-02-09,The Chainsmokers,2428902
2019-02-09,Drake,2865284
2019-02-09,Ozuna,459826
2019-02-10,Post Malone,10069674
2019-02-10,The Chainsmokers,2034330
2019-02-10,Drake,2609676
2019-02-10,Ozuna,409476
2019-02-11,Post Malone,11464786
2019-02-11,The Chainsmokers,2475932
2019-02-11,Drake,2704946
2019-02-11,Ozuna,432412
2019-02-12,Post Malone,11225208
2019-02-12,The Chainsmokers,2614712
2019-02-12,Drake,2733854
2019-02-12,Ozuna,457416
2019-02-13,Post Malone,11125558
2019-02-13,The Chainsmokers,2613314
2019-02-13,Drake,2739790
2019-02-13,Ozuna,456312
2019-02-14,Post Malone,11333928
2019-02-14,The Chainsmokers,2549714
2019-02-14,Drake,2917292
2019-02-14,Ed Sheeran,745430
2019-02-14,Ozuna,472924
